full_text,Sentimen
4/9 Secara ekonomi mengajak seseorang beralih dari kendaraan bermesin pembakaran internal ke kendaraan listrik adalah masalah apakah pilihan baru itu secara ekonomis masuk akal dalam jangka pendek dan panjang. #MobilListrik #Ekonomi,Positif
@innovacommunity Pantas mobil listrik sepi ternyata ada musuhnya,Negatif
@tempodotco Baiknya dikembangkan sendiri misalnya mobil ESEMKA dibuat jadi mobil listrik dan baterainya dibuat sendiri gimana Cocok....,Netral
Alternator pada mobil tidak hanya berperan sebagai pengisi daya aki tapi juga menyuplai listrik ke seluruh sistem mobil. https://t.co/7JIGTy6jEu,Negatif
@arif_brata Kalau Rebecca di modif jadi mobil listrik sama kang Elon sabi juga sih bg ,Positif
15 taun lagi kejadian yg sama tapi mobil dan motor udah listrik..,Netral
@bengkeldodo @prabowo @elonmusk @Ndons_Back @Bank_Joee_ @ajengcute16__ @Alexemeru @adri_7i @yossrsro @seeksixsuck @kurawa @are_inismyname @B_Hendratmo1 Bahas mobil listrik Esemka bang,Netral
@tempodotco Bahan baku batrey mobil listrik tak hanya lithium-ion satu² ada bahan lain jadi investor tentu akan cari bahan yg murah banyak dan investasi mereka aman,Positif
@MrOngDedy kalo dipikir pikir gw kek mau mobil listrik aja liat bensin ini,Positif
unair ga ada niatan buat charging station mobil listrik apa? kan kl ada jadi nambah kuatin alesan buat minta binguo ev,Negatif
@laci_spbu @innovacommunity Mikir mobil listrik sebagai mobil pertama sj sudah aneh,Negatif
OYA kujuga baru tau kalo sebenarnya penggunaan mobil listrik ga bener ramah karena listrik pun pakai batu bara. Seperti yang kita tau PLTU (Pembangkit Listrik Tenaga Uap) itu pakai batu bara.,Negatif
@DedynurPalakka @tr1ey Mobil Esemka bkn ilusi.. Bpk ini mau jual mobil Esemka'y ganti tipe Elektrik/listrik terbaru..!! https://t.co/RAMWI8pObd,Netral
@innovacommunity Sekali batrenya bocor jg sebetulnya sama aja ujung2nya biaya maintenance yg harus dikeluarkan besar. Batre HP awet ga lbh dari 3 tahun. Batre laptop awet ga lbh dari 5 tahun. Batre Mobil bisa dikira2 sendiri. Mobil bensin mahal di operasional. Mobil listrik mahal di reparasi.,Negatif
Saat ini banyak produsen mobil listrik yang telah meningkatkan penjualannya seiring dengan gencarnya upaya untuk mengurangi emisi karbon dari berbagai negara.,Netral
@iqbalalghi @innovacommunity Kurang lebih iritnya biaya perawatan mobil listrik buat nabung ganti baterai kalo pemakaian jangka panjang.,Positif
Meskipun sudah dibekali dengan baterai berkapasitas besar tapi mobil listrik tetap mengandalkan aki dan fungsinya juga sangat penting. https://t.co/Yc0A3UV4zC,Netral
@innovacommunity Dulu pernah punya motor listrik dan harus ganti baterai padahal pemakaian baru 1-2 tahunan aja mana baterainya lumayan mahal jadi agak trauma kalau mau beli mobil listrik,Negatif
Wkwkwk grgr gue abis ini jasa marga bakalan punya mobil isinya genset khusus buat mobil2 listrik jdi ga perlu derek anjaaaaayyyyy pelopor gak tuh https://t.co/sJ8PMehZcs,Positif
@innovacommunity sempat excited dgn mobil listrik tapi kaget ngeliat harga baterai nya ,Negatif
@OngkyOngky @sungguhlahindah @innovacommunity Mau tanya kalau biaya listrik buat mobil listrik gini sebulan berapa ya?,Positif
@innovacommunity Bisa bisa overheat Mobil listrik dipakein genset = mobil hybrid ,Netral
@SelebtwitMobil Mobil listrik itu setengahnya batere sisanya cuma elektronik murah dan dead weight,Negatif
Pingin punya mobil listrik tapi sadar diri lahh ya rumahku ada di pinggiran ,Positif
@innovacommunity Nunggu 10 tahun lg klo mo beli mobil listrik liat brapa duit buat ganti batre nya. Memang murah secara operasional cuma jangka panjangnya blum tau,Positif
 transjakarta sekarang sepi gak ada yg naik karna masyarakat sekarang naik nya mobil listrik . Aku langsung ngedumel sebagai pengguna tj pesaraan tj rame terus dah gak ada sepi-sepi nya . Kalo macet mah emang dari dulu kalii. Kocak sekalii,Positif
@innovacommunity Mobil listrik gini kalau udah berumur ganti baterainya 3 digit ,Positif
@agisubagio @CNNIndonesia asli. Goblok bgt. Hyundai aja dikadalin. Capek2 invest buat pabrik di indo Mobil listrik cbu malah free ppnbm. https://t.co/GvECHfIbFF,Negatif
@kumparan Intinya gerah karena produk2 mobil listrik dari China mulai membanjiri jalanan.,Negatif
pesen mobil online tp dpt nya mobil listrik kok lucuuuu️,Positif
Ini sama aja min ribet kalau ga siap punya mobil listrik tanpa infrastruktur ngecasnya itu loh ,Negatif
@innovacommunity Servicenya dari delaernya kah? Blm paham soal bengkel mobil listrik gini,Netral
@strike_bravo_b @abulmuzaffar10 Mobil listrik itu awalnya mau narik Tesla tp Elonnya ogah - ogahan lol,Negatif
Tempat di mana banyak nikel yang dibutuhkan untuk baterai mobil listrik (EV) dan di sana akan dibangun Net Zero Industrial Park dan proyek energi bersih lainnya.,Positif
@innovacommunity Mobil listrik gini cocoknya emang buat city car ya min? Dan yg gampang nyari tempat charging? Kalo di pelosok kek aku ini duhhhh gimana yaa,Positif
@innovacommunity Keawetan battrenya gmn ya min?.. kan batre mobil listrik itu gak bisa diperbaikin y klo misal gue beli sd pemggunaan 5 thn &amp; rusak apakah mudah &amp; murah biaya replacementnya? dan apakah worth biaya yg dikluarin mbl ini klo dibandingin dgn penggunaan mbl bensin selama 5 thn?.,Positif
Motor aja kagak laku mana mungkin mau bikin pabrik mobil listrik. Space tip X ?!! ..wkwkwk.. Rakyat masih doyan bansos !,Positif
@innovacommunity Yang bikin gondok ketika mobil bensin isi BBM cukup 3 menit dan mobil listrik berjam jam untuk isi daya.,Negatif
Mobil listrik yang sering menggunakan pengisian daya cepat atau fast charging bisa berdampak buruk khususnya pada bagian baterai. https://t.co/WyMknKdQ4d,Negatif
@innovacommunity masih menunggu mobil listrik pake teknologi batre nuklir,Netral
org kantor pada bahas2 mau ganti mobil listrik irit katanya pas gua ditanya kepikiran ganti mobil gk? gua jawab ih kalian tau sendiri gua gapernah hidup hemat gua suka yg boros2 civic sekali gas duapuluhrebu padahal duitnya gada anjjj,Negatif
Semenjak pake motor listrik dan beneran perawatan sangat minim kedepan bakal incer mobilnya tp nunggu environmentnya stabil dan seleksi alam dari berbagai macam merk merk baru bermunculan karena beda sama motor mobil buat jarak yg jauh dan jangka panjang,Positif
@MrOngDedy Sepertinya sudah saatnya beralih ke mobil listrik pak ,Positif
@DS_yantie bingung juga sih pakai mobil listrik Kalau mau jalan di daerah pegunungan atau dearah pedalaman apa harus sangu power bank? ,Negatif
@kumparan Percuma jual mobil listrik tempat cas ny cm ada d Jabodetabek.....,Negatif
wuling airev aja irit mobil listrik budget masuk bs bw ga mikirin ganjil genap,Negatif
Mobil mobil listrik ini suatu saat bakalan jadi limbah industri. Masa hidup batterynya abis pemilik males ganti karena harganya mahal.,Negatif
@MrOngDedy Kalo mobil listrik approximately 200-300 jt per 5 tahun itu cuma buat battery doang. Blm termasuk biaya charger maintenance pajak tahunan parkir dll.,Netral
@SelebtwitMobil @ridwanhr Dikasi mobil listrik kan program pemerintah,Netral
@dodi119mx @bociltuwirnakal @MrOngDedy Pernah ngobrol sama supir Bluebird katanya Bluebird menjual mobil2 listrik bagian dari armadanya begitu umurnya mencapai 5 thn. Karena setelah 5 thn itu kinerjanya dinilai menurun; dan menurut perusahaannya daripada beli batere baru mending sekalian aja beli mobil baru ,Positif
@Ronym96650835 @bociltuwirnakal @MrOngDedy Baterai di beberapa Pabrikan garansi mulai dari 8 tahun sampai seumur hidup. Rata2 pemakaian mobil 5-10 tahun. untuk sepeda listrik garansi baterai hanya 6 bulan sd 1 tahun. jangan dibandingkan baterai sepeda listrik dan mobil listrik teknologinya beda,Positif
Mobil listrik fiturnya gimik² mulu dh jelek,Negatif
@MrOngDedy Mobil Listrik?,Netral
@StefanAntonio__ @FSurganingtyas @jokowi Disitu ditulis banyak yang makai bukan semuanya mobil listrik gak pakai batrei yang berbahan nikel,Netral
Saatnya jualan mobil listrik...,Netral
@txtdrjkt Makanya. Beli mobil listrik,Netral
@kkingkrule charger mobil listrik juga masuk,Netral
@OmpungGuru @Dennysiregar7 Kok mengelak ? Kalah bersaing dong kalo kita terusin produksi esemka ? China &amp; negara lain mengeluarkan mobil listrik yg terjangkau tp kualitasnya terjamin. Rubah strategi utk mengikuti kemajuan jaman. Masak tetap bikin esemka hanya utk memenuhi nafsu seperti Indosat yg merugi?,Positif
@asumsico astaganaga jahat bat.... beli mobil listrik disubsidi gede an...,Negatif
@jessiclarx Ngumpet di kolong mobil listrik,Negatif
@Ravedon77 @Aryadiila_63 Semua Mobil listrik pakai batrey,Netral
@pln_123 Minn kalo kita punya mobil listrik sampai skrmg masih ada promo untuk pencharge-an dari jam 10 malem itu kah???,Netral
mobil listrik murah apa mahal sih,Netral
@leijun Bang kita barter honda beat saya dengan mobil listrik abang yok,Netral
@siloemanroti wkwkwk bner mles pol antre bbm dan mobil listrik tu hemat pol klo dikonversi neng bensin mah duitnya itungan e kek bensin pedah motor beat pdahal tumpakan e mobil sangar btw lek neng kediri akeh cas an mobil listrik bakal rame sih,Positif
@lysavana1 Manusia modern pamerin mobil listrik canggih hp sekelas laptop... Ini malah sendal... Apa coba manfaatnya bikin rabies...,Positif
Kepengen mobil listrik sorenya dikirim gambar ama mau yg warna apa. Semudah itu aja minta-minta ekwkwkkwkwmwkwkkwmwm,Positif
@SiaranBolaLive Dapet mobil listrik,Netral
@tirta_cipeng Ntar lagi jadi instruktur mobil listrik,Netral
@CNNIndonesia susah nih makelar motor mobil listrik,Negatif
@pureblood_4ever Ada benernua juga Dan Mobil Listrik Juga di Kendalikan oleh Sistem Komputer Kalo Listrik n Komputer Shut Down atau ada kendala ( eror sistem ) Kelar...,Negatif
@Saham_fess Sesimpel berapa kali Lo liat mobil listrik vs mobil konvensional di jalan? Seberapa sering Lo liat SPKLU vs Pom? Seberapa jauh range mobil listrik? Orang mau beli mobil listrik rata-rata (kalo ga mau dibilang pasti) udah punya mobil konvensional minimal satu...,Negatif
@innovacommunity @zulaikhanur149 Kalau mobil listrik g dulu lah om pemporv tempat kemarin pejabat terasnya pd dapat mobdin listrik. G dipakai lagi m mereka .,Netral
@komunitaswevi Nggak ada lawan memang iritnya mobil listrik wuling airev. Nggak pusing lagi kalau mau ke bengkel,Positif
Ada apa dengan mobil listrik,Negatif
@innovacommunity @zulaikhanur149 Mobil listrik aja masih terkendala banyak tetek bengek lainnya itu belum termasuk bersaing sama mobil yang lebih ramah lingkungan lainnya seperti hibrid hidrogen air tenaga Surya bensin nabati,Positif
@innovacommunity Fitra Eri bisa nebak mobil listrik dari suaranya ga?,Netral
@CNNIndonesia Buat pabrik mobil listrik ya di Indonesia keren,Positif
@5teV3n_Pe9eL Semurah &amp; secanggih apapun mobil listrik tetep pny kelemahan teknis yg menonjol Zero polusi hny jargon ,Positif
@M0LANA23 @txtdrjkt bener kecuali mobil listrik boleh,Positif
@OShidiq Jadi pinisirin dengan mobil listrik terlaris apa aja yaa...,Positif
@innovacommunity Karena era mobil listrik pasti juga akan tergantikan dengan FCEV ,Positif
@txtdrjkt Kesana kalau mau keliling cuma bisa pakai shuttle aja ya sama mobil listrik?,Positif
@stravenues Gas mobil listrik gass biar tambah macet jakarta nya karena nggak mungkin pengguna motor mau beli mobil listrik ,Positif
@skypierz lg mikir mobil listrik bisa dicas pake cas kodok g yh,Negatif
@5teV3n_Pe9eL yg koar2 mobil listrik mobil listrik suruh borong tu barang,Netral
@Mdy_Asmara1701 Bangkeee ini pemerintah dilobby brp sih ama perusahaan mobil listrik?. Udh dibilang utamain transportasi umum malah milih taksi terbang bgst. Sekalian aja kasih jetpack ke tiap orang di ikn.,Positif
@tirta_cipeng Dok mau nanya mobil listrik klo rusak di bawa kebengkel mobil apa ke tukang servis TV,Negatif
@tanyarlfes pengen punya mansion mobil listrik &amp; perusahaan sendiri,Positif
@tirta_cipeng Jadi balik dari Koreya bawa mobil listrik langsung dari sana nih?,Positif
@tirta_cipeng Mobil listrik nek dikumbah neng steam mobil iso mbledos ora toh Dok ?,Netral
@unsentmemories Nge-charge mobil listrik ,Netral
@tirta_cipeng Kalo naik mobil listrik ujan-ujanan nyetrum gak dok?,Negatif
@CNNIndonesia Apa sih wo mobil listrik kurang laku ya?,Negatif
Akibat tidak inklusifnya kendaraan umum Solusinya apa? Yak mobil listrik. Cerdas banget memang,Positif
@convomfs mabuk kecuali tj yg udh mobil listrik tuh,Negatif
@panalarchive Oh pantes yaa tmennya bilang nab butuh genset di rumahnya ternyata mau punya mobil listrik toh ,Positif
@5teV3n_Pe9eL Kapok. Indonesia juga gak butuh mobil listrik.,Netral
@AREAJULID Iya lagi lagi suka sama mobil listrik padahal uangnya blm ada,Positif
Pengen punya mobil listrik wuling yallah :(,Positif
@panalarchive Kan bener wuling air ev nab udah lama aku juga pengen si mobil listrik kecil ini,Positif
@zukhalluthfan Yuk beralih ke mobil listrik ,Netral
@komunitaswevi Wow makin tertarik mobil listrik,Positif
Rasaku tesla masih mandek sekali karna mobil listrik problem harga,Negatif
Kamu masih mau beli mobil / motor listrik? KegoblokanUnfaedah,Negatif
@TedInvestigasi Woow ngeri kalau mobil listrik ya meledak jadi apa penumpang didalamnya?,Positif
PR mobil listrik tuh masih banyak banget jadi ragu mau beli,Negatif
@lameahhbrodie gausah bang mending beli mobil listrik ,Positif
@mouldie_sep Pulang langsung DP mobil listrik?,Netral
@innovacommunity Mobil listrik lama-lama overrated salah satu penyebabnya banyak yang bilang mobil listrik lebih bisa mengatasi polusi udara drpd naik transportasi umum naik sepeda dan jalan kaki,Netral
@investorgabut Repot mobil listrik. Rusak batre = bayar seharga mobil barunya. Di amrik udah banyak yg ngeluh perihal biaya service non garansinya. Belum lagi di indonesia ga banyak bengkel 3rd party yang bisa service. Monopoli brand berlaku dan harga bisa dimainkan.,Negatif
In my opinion Selagi minyak masih diprediksi puluhan tahun masih ada even ratusan tahun mobil listrik ga bakalan bs me replace mobil BB fosil. Walau murah.,Netral
Konten mobil listrik ini sangat membosankan gitu aja.,Negatif
@investorgabut Malees beli mobil listrik,Netral
@taureangurl_ Beli mobil listrik isinya pake token tp,Netral
Nyatanya mobil listrik bukanlah solusi.,Negatif
@chillingbrou bener cok lu tau ga mobil listrik yg ioniq itu ganteng bgt bjirrr,Positif
@NOTASLIMBOY Dikira pabrikan mobil listrik gak mikirin batre yg di khawatirkan batre rusak batre rusak ngapain khawatir batre rusak yg khawatirin mah duitnya,Negatif
Bener2 hampir semua merk ngeluarin mobil listrik ,Positif
masih jauh lah impian semua mobil bensin diganti mobil listrik kalo SPKLU aja masih error ampe berbulan bulan kaga dibenerin juga ,Negatif
liatin mobil listrik di jalan kayake keren2 tapi kalo mau beli kayake belum sanggup perawatannya ,Positif
@abjadbiru @ikhwanuddin Jangan lupa limbah baterai mobil listrik,Positif
@tersetrah Mobil listrik lucu gemas dan betah. .,Positif
@NOTASLIMBOY @kekanean Kalau saya masih mending Hyundai ketimbang mobil mobil cina itu ....tapi tetep aja gak minat mobil listrik,Positif
@NOTASLIMBOY @msaid_didu Kalau menurut saya yng namanya mobil atau motor ya berbasis Engine dan dipasok energi tserah bensin air atau apalah. Kl pake batere harga batere sdh 50% 60% sendiri. Dan saat ini teknologi batere ya bgt ada umurnya. Mobil listrik second? no Way haha,Positif
@yrbubblepeach tuku mobil listrik mbak,Netral
@NOTASLIMBOY Sparepart mobil listrik itu nggak sebanyak mobil BBM tapi harganya jauh lebih mahal dibandingkan mobil BBM. Jangan dibeli.,Netral
@kakaknyaleo Kak lebih murah servis mobil listrik jadi ayo beli mobil listrik di aku free servis 15.5 th/155.00km*,Positif
@NOTASLIMBOY Pake mobil listrik ternyata repot om,Netral
@negotipisgan @Dwi1975 @pertamina @e100ss Nanti pake mobil listrik protes lagi gara2 kenapa ngecharge gak secepet hp ,Negatif
@NOTASLIMBOY 7 tahun lagi bakal ada rongsokan mobil listrik numpuk tuh... Tukang rongsok Madura bakal panen...,Netral
Pokoknya.. Penyebab polusi itu karena mobil pribadi. kita harus beli mobil listrik semua ujar seorang,Netral
@txtdrjkt Orang² yg komen negative dan mempertanyakan kenapa ada pengadaan ini kayanya kurang informasi. Mobil listrik itu 0 polusi udara ramah lingkungan akselerasi bagus dan juga tdk berisik jd kalo lg ngejar penjahat bisa cepet ketangkep karna bisa ngebut dan tau² nongol di samping.,Negatif
@RandomWorldWar BYD Seal atau Ioniq 5. Feelnya beda pakai mobil listrik. Mmg santai effortless kebetulan ga hobi ngebut,Positif
@AzzamIzzulhaq Gak mungkin lolos mobil listrik aja gak lolos uji emisi.,Netral
Tapi mobil listrik hanya untuk orang kaya️,Positif
@ekaanzihory Percuma mobil listrik klo dijalan pke sirine mah ...mending buat ngawal ambulan mah ...,Positif
ini fyp gw mobil listrik semua curiga bakal kebeli secepatnya ,Negatif
@misionalism @ekaanzihory Kalau untuk kategori mobil listrik sepertinya itu bukan masuk kategori mewah walau harganya memang cukup mahal.,Netral
Kalo abis minjam mobil listrik itu balikinnya kita isiin listrik dulu (yg ngisinya juga lumayan lama yak) apa ganti pakai kode token listrik aja yak?,Netral
@Heriartoldyouu Apapun masalahnya mobil listrik solusinya,Negatif
@MuhadklyAcho Mobil listrik bukan solusi karena sumber baterai kan dari barang galian belum listrik dari bakar fosil juga eh belum bicara limbah baterai,Negatif
@MuhadklyAcho Marilah kita beli mobil listrik,Netral
ini lama2 gua butuh mobil listrik kyknya,Netral
harusnya mobil listrik pake tenaga kaki biar sekalian jogging,Netral
 Mobil listrik itu murah banget ya ,Netral
@txtdrbekasi Di swedia mobil listrik udh bisa charge sambil jalan karna dibawah aspal udh ada teknologinya.,Negatif
Kita tunggu kualitas yg lainnya. Kl gw sih bakal beli mobil listrik 10thn lagi. Knp? Belom ada 1 pun mobil listrik yg usianya lebih dr 8thn jd blm ada bukti jangka panjang. Trus batere masih mahal bgt &amp; infrastruktur blm merata.,Negatif
@MuhadklyAcho Mobil listrik kalau masih dr batu bara ya percuma.. org indo pas diluar suka jalan kok tp disini fasilitas msh kurang jadi solusinya bagusin tuh fasilitas dan kendaraan umum (ga hanya jkt) banyakin pohon/taman coba listrik tenaga surya &amp; persulit utk pny kendaraan bermotor..,Positif
@MuhadklyAcho Apapun masalahnya mobil listrik solusinya,Negatif
jadi pengen pake mobil listrik deh... itu kalo ngcas dirumah... bayar listrik jd berapa ya?,Positif
@Ronnie_Rusli Kenapa orang-orang pada khawatir dengan harga baterai mobil listrik ? Tetapi tidak khawatir dengan konsumsi BBM selama bertahun tahun ? Rasa rasanya sama saja nominal nya,Negatif
@emprosay Kemarin di grup ada yang jual mobil listrik yang mungil itu. Kalimatnya kira-kira laku berapa ya? Padahal belum genap satu tahun..,Netral
emang semesta mendukung gue bgt buat beli mobil listrik dikantor tbtb dibuat tempat ngecasnya https://t.co/gO3SHDbXNL,Positif
@Ronnie_Rusli Golongngan yg beli mobil listrik hanya 2 1 kebanyakan duit 2 kebanyakan gaya,Netral
@ferrykoto entar pas mau buat pas di uji gak lulus semua Om @ferrykoto kayak mobil listrik gk lulus uji emisi,Positif
@keuangannews_id @keuangan Rakyat disuruh pindah ke mobil listrik,Netral
KOK TBTB GUE PENGEN PUNYA MOBIL LISTRIK?!,Positif
@vvotanet Mobil listrik.,Netral
@joseph_hono Kalau buatan sini mobil listrik aja kagak lulus uji emisi.,Netral
@jalur5_ @CommuterLine duit buat beli mobil listrik,Netral
@DokterTifa Konon katanya di sana pake mobil listrik yakin orang kalimantan yg cuma punya motor bisa masuk ikn?,Positif
@tempodotco Bentar lagi banjir motor dan mobil listrik dari China,Netral
@Aryadiila_63 Liat ini gw jadi pengen nambah mobil listrik lagi.. ,Positif
@RayrezaLerianto @afewgoodmen45 @Aryadiila_63 Ada dong. Jadi berapa lama ngisi baterai mobil listrik ioniq 5 sampai full? Nunggu berapa bulan? Jangan lupa estimasi kenaikan tarif listrik dalam waktu 10 tahun. Terakhir thn 2022 naik 17%. Setelah BBM hilang dari pasaran listrik jadi raja dan bs naik harga semaunya. https://t.co/hrpb9iAzw5,Positif
@sbyfess Mobil cilik ae mobil listrik airev nek g enek bekas e mazda 2 ae,Positif
Intermezzo malam Sudah saatnya ganti mobil listrik What do you think https://t.co/RQGquhGppH,Netral
@afewgoodmen45 @RayrezaLerianto @Aryadiila_63 Perbandingannya Harga mobil + biaya servis + biaya sparepart + biaya bahan bakar/listrik (selama 10 tahun) Kebanyakan perbandingannya cuma bahan bakar aja. Ga mikirin biaya baterai utk ioniq 5 harga 300jtan. Smtr harga ioniq 5 727jt. Hampir setengahnya https://t.co/rsvqiZ6D3s,Netral
@_godspuppet_ Alhamdulillah saya sudah menggunakan mobil listrik 1 tahun lebih (hampir 2 tahun) selama ini tidak ada kendala setiap hari pemakaian -/+ 50 km bahkan nambah 1 lagi karena merasa nyaman,Positif
Mobil listrik apa bisa?,Netral
@Aryadiila_63 Faktanya mobil listrik yg dipake bluebird masih oke2 aja,Positif
@Naz_lira 271T bisa buat 30 pabrik mobil listrik tu,Netral
@Aryadiila_63 Mobil listrik = barang elektronik,Netral
@auditams Ohiya jd keinget nanti bakal ada mobil listrik sekelas Binguo namanya Ora Good Cat (ini beneran),Negatif
@RayrezaLerianto @Aryadiila_63 Ga untung sebenarnya. Penggantian baterai itu terjadi beberapa tahun kemudian. Sedangkan penggantian oli 6-9 bulan servis mobil BBM. biaya ganti sparepart mobil listrik karena pemakaian /umur itu untungnya lari ke manufaktur mobil bukan ke bengkel.,Positif
@RayrezaLerianto @Aryadiila_63 Coba kasih data dahulu perbandingan biaya perawatan mobil listrik vs mobil BBM dengan power atau torsi yg sama selama 10 tahun. Mobil listrik termasuk penggantian baterai. Asumsi harga tidak berubah selama 10 tahun.,Positif
Gajadi beli mobil listrik deh gw mending beli odong-odong aja enak nanti bisa cuan juga yekan,Positif
@Aryadiila_63 Abis liat video ini smakin mnambah alasan kuat buat batal membeli mobil listrik dsmping emg g ada duitnya jg sih ,Positif
@kompascom Mobil bekas listrik nanti buang ke mana jual kagak laku harga baterai sama dg harga mobil baru . Coba aja test kayak baterai HP / laptop enggak usah di charge tinggal nol persen Health nya jadi brp,Positif
Dinas luar nya pake mobil neta dulu nyobain mobil listrik ,Netral
@Aryadiila_63 Apakah ada yg udh pengalaman 1 atau 2 tahun pemakaian mobil listrik? bisa lah cerita2,Netral
@C_Jessination48 Mobil listrik min Jes ,Netral
@Aryadiila_63 Gw sudah ada ide buat bikin mobil listrik tenaga genset. Biar klo listrik padam. Bisa pakai bensin.,Netral
@Aryadiila_63 Lagian kalau dia org bengkel harusnya jadi untung dia ganti semuanya batrenya kek service di bengkel resmi Tapi ya tapi biasanya Mobil listrik di cover 7 tahun lebih garansi batrenya. Udh lebih Dari cukup,Positif
@bernthaal Canggih naik mobil listrik pesaing Tesla ,Positif
@innovacommunity @namharailua Nah bener om. Setelah belajar 2 tahun perihal hulu hilir mobil listrik masa depan (5-10 tahun lagi) mobil Indo emng hybrid kok ,Positif
@Aryadiila_63 @innovacommunity minnov apakah informasi di video tersebut benar? Soalnya tmn pakai mobil listrik dan prn batrainya rusak tp kemungkinan besar itu cm celnya dan hanya perlu ganti celnya aja dan sudah bisa.. kok di video narasinya beda ya,Positif
@Aryadiila_63 Intinya mobil listrik ga guna,Netral
@willawati Mulai dari produksi sendiri motor listrik utk penggerak roda karena itu inti mobil listrik. Dan produksi baterai listriknya. Lanjut reverse engineering teknologi baterai. Lanjut desain kendaraan. Tanpa 4 hal utama ini ya itu hanya industri assembling kendaraan listrik.,Positif
@Aryadiila_63 Kalau aku punya mobil listrik diatas mobil pasang panel surya dan pasang generator kecil buat cadangan bila batrey habis,Netral
Mobil listrik Masi dalam pengembangan jadi wajar saja Kalo ada yang bermasalah!!,Negatif
@Aryadiila_63 Nggak jadi lah gua beli mobil listrik Ganti mobil bahan bakar arang aja,Negatif
Orang sini kan kreatif mungkin kalo mobil listrik udah jadi barang rongsokan akan ada yg dimodif pasang mesin bensin / genset jadi kaya epower-nya Nissan.,Positif
@Aryadiila_63 Jangan beli mobil listrik dah pokoknya.. Emang mau pas lagi enak2 nyetir stasiun tinggal pencet tombol dr pusat trus mobil lo mati! ,Positif
@Aryadiila_63 Indo mah blom cocok pake mobil listrik pengendaranya masih seneng boreup sama ngebejek gass apalagi supir truk n pickup,Positif
inovasi2 mobil listrik lama lama menggiurkan jg pengen tau otak2 tim RnD nya dah,Positif
@CNNIndonesia Rest area di perbanyak yg dtg nanti siapa? Sedangkan bensin subsidi akan mulai dibatasi pembeliannya.. spy orang2 mulai beli mobil listrik.. Mungkin maksudnya bukan rest area yg di perbanyak.. tp charging station buat mobil listrik yg diperbanyak ya pak? https://t.co/RE0MOW85DW,Netral
Vietnam udah bikin mobil listrik,Netral
@tvOneNews Intinya harus beli motor mobil listrik,Netral
@CNNIndonesia Hmm... Saya mengendus afiliasi mobil listrik,Netral
Ditawarin marketing mobil listrik yg brandnya pernah menghilang dari Indonesia dgn garansi batere seumur hidup. Kelihatan keren sih mobilnya tapi justru karena janji yg too good to be true itu jadi malah takut sendiri.,Positif
Marketing mobil listrik lagi merugi... ,Negatif
@odesaa_ Mentok baru sepeda listrik sama mobil listrik sih taaa,Negatif
@plavenuna miniiii. itu mobil listrik kan ya tapi?,Netral
Kalau New abis ini beneran beli mobil listrik gak akan kaget sih ,Negatif
@tvOneNews Mobil listrik lah buat murah dan ultra charger dibyat,Netral
@toipsy @project0803 Sekali bonusan beli mobil listrik cash,Positif
Capek ga sih kalau setiap mau berangkat kantor pakai kendaraan pribadi harus cek tanggal buat pastiin ganjil atau genap? Saatnya beralih ke kendaraan listrik. ,Positif
@tempodotco Kalau dari sisi fungsional lebih baik hybrid karena tdk perlu cari2 tempat case batre jadi waktu juga efisien seperti mobil bbm biasa. Kalau sdh banyak kendaraan listrik dan harga murah apa yg punya mau hanya ganti batre atau beli baru lagi seperti hp.,Positif
Mobil esmka goib.. Sekarang motor listrik.... ,Netral
@NephilaXmus Ini angkot dg mobil listrik?,Netral
@tempodotco Idealnya nya memang mobil listrik belum dibutuhkan tidak guna di insentif jauh lbh bermanfaat hibrid sehingga ada tahapan yg baik ketikan seluruh nya sudah siap dan beralih ke mobil listrik,Positif
@Gunawan75_ Impor dari china yg udh buat banyak motor sama mobil listrik tapi mlh gk kepake,Netral
@mistaeribox @LeedamSn7 Nah itu maksud gw jangan kitanya di paksa buat akhirnya beli mobil listrik Bener gak usah jauh2 fasilitas trasportasi umum yg harusnya di perbaiki dan di perbanyak. Listrik di rumah dah cenat cenut lah ini kendaraan,Positif
Bikin uu aja mulai tahun 2025 pabrik mobil jual mobil listrik semua pabrik motor jual motor listrik dan jalan dari kota tua sampai blok m juga dari grogol sampai cawang motor dilarang lewat kecuali motor listrik pasti joss ,Positif
Kapal listrik pesawat listrik.. Kayanya lbh berdampak ke karbon karbon itu drpd motor listrik mobil listrik yg segtu aj..,Positif
Mobil listrik takut kesetrum wkwkw,Positif
Dilabeli bersih dan produknya laris di Jakarta di daerah tambang bahan baku baterai mobil listrik justru menyisakan emisi dan derita. https://t.co/sBZIj8GssT,Negatif
@Naz_lira Pabrik batre mobil sdh dikuasai LG disini. Yg lain masih omon2 doang. Mobil listrik memang jagonya Cina lainnya masih payah... Apalagi eropa masih tinggi biayanya.,Negatif
@SelebtwitMobil Karena dia pake mobil listrik takut ikannya mati kesetrum,Negatif
@LumowaS @RafikaBayu mobil listrik pun buat energy listriknya sebagian besar dari fossil ,Positif
Di masa depan nanti kalo pengguna mobil listrik Udah mayoritas vibes bengkel yg ada ceceran oli Udah gk ada kali ya. Bengkel lebih kinclong &amp; baju mekanik jd bersih. Gk ada jg montir motor yg cuci tangan pake pertalite,Negatif
@IDFreeport Eh kalau mobil listrik nggak cuma hijau tapi juga bisa jadi teman kita untuk menjaga bumi. Double green nih!,Positif
@Naz_lira Bakal terkena imbas langsung pasti kalangan menengah ke bawah yg konsumtif. Daripada PKB dan BBM terus naik mereka akan pilih beli mobil listrik. Beda kalangan menengah ke atas BBM naik 5.000 per liter pun no problem.,Negatif
@liaasister Sebenarnya sama aja...bekas baterai mobil atau sepeda listrik juga nggak terurai.bahkan utk produksi baterainya aja harus menggunakan bahan bakar dari fosil.modus saja.... WAHAI NEGRIKU.....APA KAU SEDANG BAIK² SAJA...?ATAU SEDANG TIDAK BAIK BAIK SAJA...??,Positif
Mobil listrik medium hatchback ini mampu menempuh jarak 460 km dan didukung ragam fitur teknologi pintar. Ini merupakan wujud dari komitmen Wuling untuk terus menghadirkan produk inovatif yang menjawab mobilitas ramah lingkungan bagi masyarakat Indonesia https://t.co/BSWhJURO0O,Positif
@LumowaS Teknologi lanjutannya itu BBH bahan bakar hidrogen Jepang sudah mengadopsi teknologi ini. Makanya Jepang ga terlalu interest dengan teknologi mobil listrik. Di Jepang BBH sudah sangat maju sementara negara2 lain koar2 EV,Negatif
Perasaan saya wong iki ga ada henti² ngegombalin para 1Q 78 dulu mobil ESEMKA sekarang Motor listrik https://t.co/fsa8O9vFFZ,Positif
Lobby lobby supaya ngepush pada beli mobil listrik atau lcgc nih? ,Positif
@Duren___ Iyaaa gue tau....pertalite di hapus.... ganti ke motor mobil listrik...!!!,Positif
@sevreius Mobil buat jalan ke taman safari sepeda listrik buat beliin Mami garam sama raket nyamuk buat nyetrum gege.,Netral
1 liter BBM oktan 90 motor jarak tempuh 50 kilometer rata-rata menghasilkan 2 5 kilogram emisi karbon. Jauh lebih besar lagi mobil. 2 kwh baterai motor listrik SLA jarak tempuh 50 kilometer yang berasal dari batu bara menghasilkan 1 8 kilogram emisi karbon. https://t.co/W8CFGfLvno,Positif
Untuk mewujudkan mobil esemka aja selama mimpin 10th ga terwujud apalagi ini taksi terbang dan tiang listrik bisa jawab arah di IKN pada tahun 2024 akan terwujud. mungkin butuh waktu +/- 30th lagi bisa diwujudkan negeri ini maaf bukan pesimis tapi hidup harus realistis https://t.co/KQpe3c3eHI,Positif
@CNNIndonesia Semakin memantapkan niat utk TIDAK GANTI KE MOBIL LISTRIK.,Positif
@stravenues List dong bis listrik skrg ada apa aja mereknya kyk asing semua selain yg BYD,Positif
@doohaan Kebanyakan pemilik mobil tua dan mobil listrik punya mobil lain Tapi gimana kl mobil lain-nya mobil tua adalah mobil listrik ,Netral
@keloningan @RafikaBayu Bahwa putra-putra terbaik bangsa selalu bermunculan.Anehnya negara ini tidak merespon tapi justru negara maju negara sehebat Itali yang merespon.Penyesalan akan datang belakangan hari seperti mobil listrik yang dibuat @DahlanIskanWord dan sekarang dikembangkan di China.,Positif
@BossBennedict apa ak boleh pinjem mobil listrik buat bertamasya keliling samudera?,Netral
@VIVAcoid Mobil listrik bukan mobil masa depan,Netral
di mall ada pameran mobil listrik gitu terus tiba2 ngoceh sendiri 'semoga 2025 bisa punya mobil listrik' eh temen2 langsung blg aamiin wkwkwkkwk,Positif
@ranindyy ganti mobil listrik biar ga beli bensin,Netral
@CNNIndonesia Nanti mobil listrik nga laku ya... wkwkwkwkwkwkwk,Netral
Mba'e ga tau Tesla mobil listrik apa ya? ,Negatif
@moviemenfes Kayaknya nanti finalnya pake mobil listrik,Positif
@SelebtwitMobil Khusus mobil listrik kalo batere kena dan kebakar madaminnya bisa seharian lebih bisa tinggal onggokan besi rongsokan doang.. ,Netral
@ike_hw71 Proyek motor dan mobil listrik china ngk laku. Pahamkan. Percuma dong china investasi beli bahan baku batery tapi negara konoha ngk menggunakan kendaraan listrik. Yg laku cuma sepeda listrik ,Negatif
@ike_hw71 Pake mobil listrik aj .,Netral
Jika mobil listrik kehabisan daya di tengah jalan yg jauh dari Stasiun Pengisian Kendaraan Listrik Umum (SPKLU) maka perlu SPKLU yg bisa bisa berjalan (mobile) cek di video dibawah ini https://t.co/cUi4phjdPp,Netral
@AzzamIzzulhaq Mobil listrik juga kita duluan tapi ya sdh lahh,Netral
Mobil listrik disebut juga mobil hijau karena ramah lingkungan dan peningkatan efisiensi energi sehingga dapat mengurangi emisi karbon. Menariknya tembaga memiliki peran penting sebagai penghantar listrik ke setiap komponen kendaraan lho Freeporters. Kalau tidak ada tembaga https://t.co/ERI9CUJvF7,Positif
@kompascom Tenang aja kan ada subsidi mobil listrik. Nggak apa2 beras mahal kan yang penting punya mobil listrik ,Positif
@ioniqfive @SelebtwitMobil Yg bawa mobil enthusiast(motuba/listrik) ugal2 biasanya bukan yg memiliki dibawa sama org yg pinjem sewa sopir pribadi atau lg dibawa sama anak/saudara iseng mau tau performa mobil.,Positif
@msaid_didu Padahal justru mobil hybrid itu untuk menjembatani peralihan dari motor bakar ke motor listrik. Ini kebalik harusnya dari dulu permudah mobil hybrid dulu baru bisa koar-koar pede kampanye mobil listrik di sini,Positif
@rohta_julian Kalo mobil listrik istilahnya masih pedal gas ya..,Netral
@from_youwngk @ParkSungjni MKSDNYA AKU IMUD TP WULING MOBIL LISTRIK?,Netral
@VIVAcoid GAK AH GW UDAH COCOK PAKE ASEMKA GAK MAU PAKE MOBIL ATAU MOTOR LISTRIK,Negatif
@CNNIndonesia Mobil listrik g cocok di Indonesia Krn infrastruktur jln dan infrastruktur mental orang Indonesia tdk standar,Netral
pengen banget punya mobil listrik wuling binguo terus buat jalan-jalan sama temen ke tempat wisata,Positif
Harga battery Mobil listrik muahal.... https://t.co/W4vwAhyXEd,Netral
Menurut aku lebih baik mobil listrik itu disewakan saja bukan untuk diperjual belikan.,Positif
@CNNIndonesia Makelar mobil listrik kepanasan takut kesaing hybrid... ,Negatif
@CNNIndonesia heran kenapa maksain banget mobil listrik musti laris di indonesia sih ??? ada kepentingan apa ?? bbm juga masih banyak tinggal sumur minyak baru harus di eksplorasi yang ngomong minyak tinggal sedikit itu karena kepentingan bisnis bule bule untuk mengurangi pengaruh arab.,Positif
Otw beli mobil listrik gan https://t.co/n3hxe6y2e9,Netral
Cocok ini ditempel ke mobil listrik Nyalain di Cipularang,Netral
@CNNIndonesia aahhh mobil listrik cuman ngejar cuan mafia2.... pokoknya hati2 kalo beli mobil listrik biaya parts sama perawatannya masih gak masuk akal,Positif
makin jauh aja jaraknya mobil listrik. masih banyak ruang berkembang. Untuk Indonesia parameter ukuran di pulau Jawa ideal jaraknya adalah Jakarta-Surabaya = 800 km. It s 500 mile range. Can it be achived in the next 2-3 years?,Positif
@CNNIndonesia Yang beli mobil listrik dan Hybrit itu orang berada atau punya lebih uang kok diberi insentif. Jelas kudu dibongkar habis soal ini,Positif
@CNNIndonesia Kenapa? Takut mobil listrik loe ga laku?,Netral
@CNNIndonesia Karena mobil hybrid itu secara simpelnya mobil bensin yang di bantu motor listrik agar mendapatkan efisiensi konsumsi bbm!!! Makanya jualan hybrid di sini masih laku dan masuk akal!!!,Positif
 Makelar mobil listrik protes.,Negatif
Mobil hybrid lebih baik dibanding mobil listrik.,Positif
@VIVAcoid Produksi pasti sesuai dg pesanan supply and demand berlaku. Sy pribadi baik motor maupun mobil akan tetap pakai yg BBM tdk akan terpengaruh dg kendaraan listrik tsb kecuali mungkin suatu saat BBM susah didapat dan sdh habis dimuka bumi ini.,Positif
@Little_secret9 Not safe ga aman citra mobil listrik gimana? masa ga dipikir dibuatkan sistim pengaman?,Negatif
Sejujurnya mobil listrik adalah gebrakan yang bagus tapi cenderung terburu-buru imo,Positif
Konoha mau wujudkan mobil listrik lha...di negara sana malah mobil listrik sudah ribuan jadi rongsokan. https://t.co/93tDsSNoMB,Netral
@innovacommunity Mobil listrik yg mahal baterainya bisa 40-50% dr harga mobil. Baterainya rusak harga jatuh. Kecuali narik genset kaya hartop rumah produksi ,Negatif
@sbmptnfess IYAAA MOBIL LISTRIK 70% lebih berbahaya drpd mobil biasa terus hutang mangrove dari segi ekonomis apa blablabla,Negatif
@mikaelanggoros @zputt99 @SE0K0 @borju_1s @gadisberjilbabb @cintalove_4ever @sfMarinaH @Mr_As_Opal @nur_albi90 @Mahummah @Yandika_ahmad Keren banget pake mobil listrik.,Positif
mobil listrik itu hanya bersih di hilirnya hulunya berisi barang kotor semua ,Negatif
@sbmptnfess mobil listrik apa motor listrik,Netral
@YLBHI @KontraS @jatamnas @TrendAsia_Org Mobil listrik = kebutuhan bahan tambang seperti Grafit Tembaga Nikel Mangan Kobalt Lithium silika dll makin banyak. Batubara untuk PLTU makin banyak. Semua proses penambangan itu membakar bahan bakar fosil dan menebang banyak vegetasi. Go Green nya dimana?,Negatif
@onigirimyaw semeru team ga sih... yg bikin mobil listrik? ,Netral
@detikcom Lha kendaraan Listrik yg di demo malah Nickel. Tolol banget. Kok gak demo Mobil Bensin yg bikin pencemaran lingkungan Dan pemanasan global lebih parah? Ini dibiayai produsen Mobil bensin.,Negatif
@bukanSelebtytyd Ngecas mobil listrik smbil boboan di kos,Negatif
Ternyata Perawatan Kendaraan Listrik Spt Mobil Listrik dan Motor Listrik Perawatan Sungguh Mengorek Kantong Hingga Tongpes Alias Tipis. Bayangkan Harga Batrey Mobil Listrik 400 juta dan hrs siap2 di ganti setiap 2-4 tahun sekali. Habis uang tabungan https://t.co/SNSgmdL63D,Positif
@bagasrff @AshHulls @tubirfess Bukannya kalau bengkel itu tetep perlu ya kan yang mobil listrik tetep ada mesin dan ada bannya? Kalo bannya bocor tetep ke bengkel kan?.-.,Netral
@Djosair @el_jastip @ridwanhr Kasian mobil listrik,Negatif
@tanyakanrl Harus hati-hati kalo mobil listrik karena mesin nyala kadang ga bersuara dan injak gas langsung jalan https://t.co/njDRSGwv30,Positif
Enak banget dibawa camping pake mobil listrik aman.,Positif
@kdrn_phobia @RonnyYulianto13 @Siantar72 @Maudy_Apain @mangunsong63 @jokowi Satu lagi bro mslh sarana dan prasarana pendukung blm semua kota ada jika pakai mobil listrik... Bagi aku yg msih sering keluar masuk jalan rusak ketika ke kebun sawit ku gak mendukung jika pakai mobil listrik nya.....,Negatif
@Nagashima_007 @RonnyYulianto13 @Siantar72 @Maudy_Apain @mangunsong63 @jokowi Saya juga termasuk yg belum siap. Mahal mobil listrik itu. Mobil murah jalanan macet. Atau mobil mahal jalanan gak macet tapi hanya orang kaya yg menikmati jalanan dgn kendaraan pribadi. Itu pilihan berat..,Positif
@innovacommunity Trus nakalnya bbrp mobil 🇨🇳 di spek brosur tenaga &amp; torsinya dijumlah aja antara mesin dan listrik padahal belom tentu kombinasinya bener segitu,Netral
@kdrn_phobia @RonnyYulianto13 @Siantar72 @Maudy_Apain @mangunsong63 @jokowi Satu hal lagi mobil listrik kurang keren dibanding mobil BBM. Sensasi nya beda bro... Apalagi buat mobil offroad sulit jika pakai listrik.,Negatif
@kdrn_phobia @RonnyYulianto13 @Siantar72 @Maudy_Apain @mangunsong63 @jokowi Jujur bro kendaraan listrik msh butuh wkt lama. Msh blm bisa kita beralih dari mobil pakai BBM...,Positif
@liputan6dotcom Pengen alam tetap hijau solusinya mobil listrik? ‍️ Kalah cerdas sama orang-orang tersisihkan seperti mereka https://t.co/U4je6azS8V,Positif
@amirulikram22_ @Molson_Hart @intinyadeh 2) Peningkatan penggunaan mobil listrik yg lebih banyak dari 10% ke 40%. Salah satu alasanya karena mereka memang udah jadi produsen electrical vehicle (EV). 3) Karena penggunaan EV kualitas cuaca di China kualitasnya meningkat besar bahkan di Shanghai,Netral
@FatihSuher @ridwanhr Mobil listrik tetep gak akan ngurangi polusi secara signifikan kalau mayoritas listriknya pake batubara. Itu cuman mindahin polusi namanya,Positif
@ridwanhr China itu pengguna batubara terbesar di dunia. Langitnya bitu karena motor sudah 100 persen elektrifikasi dan mobil jg menuju 100 persen. Pembangkit listrik mah tetap batubara utamanya. Yg teriak2 pltu terus silahkan di sanggah. China itu importir batubara terbesar di dunia,Negatif
@ridwanhr penjelasan nya: hampir setengah populasi nya pake mobil listrik. Tapi nikel nya nambang dari Indonesia. jadi negara mereka aman.. negara kita penuh limbah dan polusi,Positif
@indrabudiman672 asli sih wuling binguo ev ini walaupun mobil listrik tp desainnya timeless bgt,Netral
Suka mobil listrik bkn karena ramah lingkungannya tapi karena futuristis dan maintenancenya yang jauh lebih murah ,Positif
@jatamnas Kalau udah urusan tambang sih gak cuma mobil listrik. Mobil bbm pun sama-sama punya dosa merusak alam.,Negatif
3. Mereka ingin kalian mati naik mobil listrik motor listrik dan mobil listrik mudah terbakar betul ,Negatif
Derita Nyetir Mobil Listrik Harus Siap Wara-wiri Cari Charging Station https://t.co/UAktLpHfyP,Negatif
tb2 di kantor bikin tempat buat ngecas mobil listrik cokk yok bisa yok kebeli wuling air ev https://t.co/RXGW9fe9HI,Netral
@BBCIndonesia Tanggapannya pak Kok bisa mobil listrik ramah lingkungan ? @ridwanhr,Positif
Bluebird lebih memilih mobil listrik dibandingkan dengan PHEV untuk menjadi kendaraan taksi ramah lingkungan. https://t.co/SBPxvHJM9Z,Positif
@innovacommunity Mobil listrik ramah lingkungan? ,Positif
@innovacommunity Mobil listrik selama listriknya diproduksi dari energy fosil cuma memindahkan knalpot dari jalanan ke tempat pembangkit listrik. Jadi klaim ramah lingkungan juga cuma propaganda jualan mobil doang,Positif
Soal ramah lingkungan.. Mobil listrik juga gk ramah2 amat kok Tinggal pinter2an propaganda. Business as usual aja. Kayak bapak gk tau aja,Positif
Gua yang gak suka mobil listrik merasa tersiksa liputan ke pameran mobil listrik,Negatif
mobil listrik tuh kenapa pada pake lampu sorot ya? Silau anying,Netral
Hampir seminggu ini gue dateng ke acara pamera mobil listrik. Tapi ntah kenapa gue gk tertarik beli. Apa karna gue miskin aja ya??,Negatif
@innovacommunity 1. kurang bisa dibawa jarak jauh 2. blm banyak tempat ngecas nya malah jd hrs pny 2 mobil (listrik buat dlm kota doang yg dibawa keluar kota mobil biasa) klo hybrid masih oke hehe krn gaperlu ngecas,Positif
Fix batal beli mobil listrik. di belanda aja ada malingnya. apalagi di indonesia. baut jembatan jati asih aja di malingin.,Negatif
Kepengen beli mobil listrik rasanya,Positif
Kalau mau membantu pemerintah punya uang lebih belilah mobil listrik berbasis Nikel.,Positif
@innovacommunity Listrik di rumah belum kuat untuk nge cas mobil kistrik,Negatif
@innovacommunity mobil yang di pakai oleh Taksi lifetimenya di hitung 5 tahun karena di pakai buat kerja rodi kalau customer biasa mungkin 10 tahun so ini mobil listrik anggap 10 tahun setelah itu pasti kagak laku di jual karena teknologi 10 tahun mobil listrik sudah lain,Negatif
Ga deh krn infratruktur blm siap toh ujung2nya juga gerus energi biofosil..mobil listrik cuma mainan org fomo ,Negatif
Udah bener mobil listrik,Netral
Kekhawatiran saya pada Mobil Listrik adalah adanya suatu masa kalo mau starter mobil mesti nonton ads dulu. Kalo pilih Skip Ad mobilnya ga bisa distarter atau konsumsi listriknya jadi lebih tinggi.,Positif
Udah saatnya berinvestasi pada mobil listrik,Netral
@innovacommunity tunggu listrik indonesia pakai nuklir percuma pakai mobil listrik kalau ga bersih sumber energi pembangkit listriknya,Negatif
gausah nagihin mobil listrik lagi plis..,Positif
@C_Jessination48 Gara-gara Lo sih gamau belian mobil listrik. ,Negatif
@innovacommunity mobil listrik itu sampah,Netral
@innovacommunity Sampai saat ini ga tertarik dengan mobil listrik lebih tertarik dengan mobil hydrogen ,Positif
@innovacommunity 1. Jakarta pasti ada banjir2nya; mobil listrik nyetrum. 2. Harga jual kembali jatuh. 3. Ga bisa buat antar propinsi. 4. Reliabilitas belum teruji di indonesia. 5. Sama seperti pesawat model baru: jangan jadi yg pertama beli.,Positif
@djfarezki @innovacommunity Ya Itulah kenapa Negara Negara Maju sudah banyak yg menggunakan Mobil listrik. Pola pikirnya emang beda sama orang orang sini.,Positif
@innovacommunity *Sarana prasarana buat mobil listrik belum memadai *battery mahal *harga jual kembali Untuk saat ini si pilih ke hybrid sii,Netral
@innovacommunity Walau dibilang mobil listrik ttp butuh pelumas durability gak bisa trabas spklu yg tidak secepat isi di spbu.,Netral
 Tesla percaya bahwa keberhasilan industri mobil listrik adalah kunci untuk membangun masa depan yang berkelanjutan secara lingkungan.,Positif
@innovacommunity Buat apa? Mobil listrik bukan buat jarak jauh ngisi batere lama kalau rusak biaya perbaikannya mahal dan lama. Punya mobil itu untuk mempermudah hidup bukan malah mempersulit.,Positif
@innovacommunity Bengkel2 umum belum siap maintenance mobil listrik. Segala perbaikan kecil pun harus ke bengkel resmi atau garansi gugur...,Negatif
@innovacommunity Gue akan beli mobil listrik.Tapi bukan di masa ini. Mungkin tunggu sekitar bbrpa tahun ke depan hingga mobil listrik bisa sepraktis dan sereliabel mobil BBM skrg.,Netral
@innovacommunity Kalo mudik bingung chargenya Mungkin gak efektif Atau mungkin fashum buat mobil listrik masih jauh dari cukup,Negatif
@innovacommunity Selain ga punya duit untuk kedepannya mobil listrik kalo rusak mahal benerinnya,Netral
gabisa dibawa touring kalo di Indonesia. cari pom bensin yg bisa cashless aja ribet ini nyari colokan listrik mobil ev sukur kalo nemu colokan tapi ga antri,Positif
@innovacommunity Kalau laptop kan baterai hamil isa dilepas baterainya hidup dicolok langsung ke sumber listrik. Kalau mobil listrik tanpa baterai colok wall charger isa jalan g ya,Netral
@innovacommunity Alasan gue ga beli mobil listrik.. takut kesetrum,Negatif
@sicupuh @iambadung @innovacommunity 2022 di Snoepen Sherlock ga sengaja ketemu kakak dr sobat istri saya. Abis sarapan Snoepen jam 8-9 pagi kok ga balik2 ke JKT.. udah jam 11an saya tanya knp blm balik? Iya lagi ngecas mobil di BIP. Nunggu full jam 1an. Wkwkwkw alright... dr situ saya belum siap dgn mobil listrik.,Negatif
@innovacommunity Ga bisa dicas pakai power bank makanya ga mau beli mobil listrik,Negatif
@innovacommunity Selain nggak punya duit pakai mobil listrik gabisa mode cumi darat,Netral
@innovacommunity Mobil listrik baterainya bisa hamil g ya,Netral
@LANGlTKELABU ᅠ ᅠᅠ ᅠ ᅠᅠ Konteks aku lagi lihat katalog mobil listrik warna pink karena yang warna biru inden 3 bulan. ᅠ ᅠ ᅠ ᅠ,Netral
@innovacommunity Beli mobil diesel/bensin bisa kepake minimal 10 tahun sebelum mulai banyak masalah kalaupun dijual masih dapet lah harga 50% dari harga beli. Kalo mobil listrik bagai hp aja tiap tahun pasti ada teknologi baru dan kalo batere rusak di 10 tahun sama aja beli baru.,Positif
@azizbilly2 @innovacommunity Ga praktis. Mobil pake BBM tinggal isi di pom bayar jalan. Kalo mobil listrik perlu waktu buat ngisi batere nya. Mungkin kalo hidup saya udah kelewat santuy nanti yaa slow living lah istilahnya baru mikir ganti mobil listrik,Positif
@innovacommunity Mahalll setelah 10 tahun pasti keluar ongkos 60% dari harga beli untuk ganti batre. Anggep 400 juta harga mobil selama 10 tahun total keluar ongkos jadi 600 termasuk harga mobil. Apakah mobil bukan listrik keluar senilai segini selama 10 tahun?,Positif
@innovacommunity Sebelah rumahku beli mobil listrik katanya nyesel harga purna jualnya anjlok hehe,Negatif
@ridwanhr Kalo mau serius masalah emisi ya mestinya pemerintah baru @prabowo @gibran_tweet berani membebaskan pajak mobil listrik baik dari sisi produsen importir maupun konsumen. Itu baru mantap,Positif
@innovacommunity 1. Sumber listrik masih batu bara bukan clean energy 2. Tempat charging belum banyak kalo ada pun rebutan 3. Tdk bisa dibawa keluar kota ⤴️ 4. Liat dulu 4 thn lagi testimoni pemakai mobil ev yg skrg bakal kyk gmn terutama performa batre 5. Hybrid &amp; PHEV lbh menarik,Positif
1. Krn saya pake mobil kebanyakan buat jarak jauh doang. Males bgt kalo ditengah jalan kudu nunggu ngecas. Jarak dekat kebanyakan pake motor. 2. Durabilitas batre. Berapa kali cycle sblm itu batre rusak 3. Listrik indonesia masih kotor. Gda bedanya sama pake mobil ICE,Negatif
@innovacommunity Mobil listrik bukan kendaraan melainkan gadget.. https://t.co/6no8GSHvyK,Netral
@innovacommunity 1. Beli mobil listrik di Indo masih sebatas gengsi bukan karena pengen ngurangin polusi. 2. Baterai itu limbah B3. Dua poin di atas bikin saya menganggap EV ramah lingkungan itu omong kosong untuk saat ini,Negatif
Peace of mind aja sih kalo dibawa jauh charging infra kan masih limited ya as a first car gw sih beli hybrid maybe as additional nanti baru mobil listrik,Positif
@innovacommunity Harus lepas stiker dan tangga jadi males mau beli mobil listrik,Negatif
@ridwanhr Masih masuk kelompok yg wait and see pak gub at least 5 tahun kedepan. Minimal mau liat dulu kalo batere mobil listrik yg sekarang udah mulai pada bermasalah nanti gimana hehehe,Negatif
@DiansyahHanif @RadioElshinta @Z_Artyom_S_P @NTMCPoldaMetro Dan lebih bahaya klo mobil listrik tabrakan bisa meledak,Negatif
@ridwanhr sejak saham tesla anjlok mobil listrik sudah pecah bubble,Positif
@ridwanhr Di indonesia apakah sudah ada pabrik pengolahan limbah batre mobil listrik?,Negatif
@masmeyzar @ridwanhr Ga cuma mobil listrik mobil BBM juga perlu inovasi terus.,Positif
Tadi liat mobil lucukkk di pamer an mall harga promonya 38 jt aja (the first 20 buyers) kalo harga asli katanya 90jt. Lucukkk karena mini gitu ideal buat ciwi2 ada 6 warna pula! Mobil listrik ya butuh sekitar minimal 1300watt/kwh mbuh maap pokok e dibutuhkan minimal itu-,Positif
@ridwanhr Ngebayangin kalo mobil listrik dibuat narik Grab Car ato Gocar kgak mikir beli bensin yang bikin pndapatan berkurang palingan byar lisrikny aja per bulan agak naik,Negatif
Mobil listrik yang dinilai menjadi mobil ramah lingkungan karena menggantikan BBM ternyata produksi nya belum ramah lingkungan juga. https://t.co/atN0lOlZfu,Positif
Jangan beli kendaraan listrik! Di Cina AS dan Eropa harga mobil &amp; sepeda listrik bekas runtuh karena gak ada yang mau beli yang bekas. Yang sama akan terjadi disini. https://t.co/QLVNeDjBVO https://t.co/AofB58vg5M,Negatif
Mobil listrik? Elu aja lah gua mah ogah https://t.co/SXuBPQ9fOq,Netral
@Ronnie_Rusli saya pernah liat video orang perbaiki baterai mobil listrik dicopot trus cari dan ganti cell yang rusak lalu di solder lagi. ini harusnya lebih murah prof.,Netral
@is_pelssy @ImaginarySteady @Kimberley_2024 @Heraloebss @PartaiSocmed @_NusantaraLand_ @Ki_Cebong99 @G4b0nGOKU @bengkeldodo @ClaraSantikaa Izin di koreksi ? mobil listrik mungkin lebih banyak emisinya di proses produksi baterai tpi untuk wilayah produksi kan harus memenuhi amdal dll dan bukan di banyak tempat itu pointnya. Kedua setelah on the road pastinya mobil listrik lbh ramah lingkungan drpd mobil bahan BBM.,Positif
@prsetiadi @KomunitasKretek Tapi kl ke depannya lebih banyak mobil listrik drpd mobil yg pake BBM gimana donk?lebih mematikan mana rokok ama mobil listrik?,Negatif
 Saya insyallah Insinyur beneran dan punya Ijazah ASLI soal mobil listrik begini Om n Tante: 1. Masa kadaluarsa batrenya itu gak lama dan tak seekonomis Accu konvensional bila diperbaiki jika mesti ganti harganya pasti MUAHAL 2. Limbah Batre itu NGERI 3. IKLAN PEDAGANG berlebih https://t.co/Snf0ElWMqC,Positif
Luhut Bilang Mobil Listrik China lebih MURAH iya lah utk kelas MOBIL KUACI dan itupun sudah Kemahalan krn Pajaknya Coba masukin yg sekelas dgn TESLA dan ROLL ROYCE Pasti SAMA MAHAL nya bahkan lebih Mahal Jadi Bukannya MURAH tetapi China lebih Menawarkan BANYAK PILIHAN utk ,Positif
@RomitsuT Bangsa Primitif.. Hoax covid dipercaya sekarang mobil listrik yang notabene cuma teknologi daur ulang dipercaya.. Bullshit!! https://t.co/qOGprDb9sx,Negatif
Halusinasi aja lu @TeddGus tesla itu sudah punya kontra jangka panjang nickel dg BHP Billiton dari tambangnya di Australia. Lalu mau produksi mobil listrik produksi mobil konvensional Esemka saja gak jela juntrungannya Teddy2 jadi wakil ketua partai kerjaan cuma halusinasi,Positif
Mendag @ZUL_Hasan : Semoga Hyundai bisa menjadi motor penggerak untuk mobil listrik indonesia dan motor penggerak ekspor mobil listrik dari Indonesia untuk dunia. https://t.co/QoRDf6vQCI,Positif
Urusan nikel ini mmg harus ada yang mantengi. Kalo gak hanya akan dinikmati segelintir keluarga bukan segenap anak bangsa. Karena kita penghasil nikel terbesar di saat industri (baterei) mobil listrik meningkat pesat.,Positif
@DavinaSastro @TeddGus Allhamdulillah Esemka jga udh produksi mobil listrik kayak mobil Tesla hahahah . Tetap semangat Esemka jngan terlalu berhrp sama Tesla! Kan kita punya Esemka ,Positif
Penggunaan mobil listrik sebagai taksi belum menjanjikan dari segi finansial dan reliabilitas. Para penumpang juga belum terlalu peduli dengan jenis kendaraan yang digunakannya karena mengutamakan harga dan waktu tempuh. #Ekonomi #AdadiKompas https://t.co/uIWrtTzGcO,Negatif
@TeddGus Mobil listrik tidak hanya Tesla masih banyak mobil listrik. Indonesia punya bahan baku utama agar mobil listrik bisa jalan,Netral
Motor dan mobil listrik diklaim tidak akan menghasilkan polusi. Jadi selain tidak menggunakan bahan bakar fosil mobil listrik juga tidak menghasilkan timbal berupa asap https://t.co/Mapas5H4lB,Positif
Berani adu minim emisi Dengan kendaraan listrik yang dapat subsidi Berani adu kelayakan dapat bantuan Dengan mereka yang mampu beli mobil listrik bersubsidi yang tidak jadi solusi kemacetan Berani tetap berdaya dan berkarya Tak usah berharap pada negara https://t.co/mrtcS8yyxZ,Negatif
@Adhikatama1 @mazzini_gsp mobil listrik subsidi yg ngga pasnya keterlaluan - yg beli mobil listrik pastinya bukan yg butuh subsidi apapun. kalo memang masih mahal mau disubsidi bagaimanapun pembelinya juga ngga banyak - industrinya juga susah berkembang.,Negatif
Mobil Listrik Is the Best #BangkitBersamaET,Positif
Yg mampu beli mobil listrik ada 2 1. Orang kaya yg bener2 kelebihan duit 2. Orang yang banyak gaya Lu yg mana gaes.. https://t.co/shzy6Ymc8u,Positif
Ga pernah tertarik punya mobil listrik karena infrastruktur charging di +62 belum ok. Pas mau beli mobil Full Hybrid ada teman yg menyarankan: Mending lo belajar pakai Mild Hybrid dulu biar tau cara merawatnya  https://t.co/EbDSWjoS8m,Negatif
Kenapa kalian gk mau beli motor listrik? Klo mimin dipakai gk bisa jauh2 repot charging nya. Belum secanggih mobil listrik. Bbrp teman sdh beli bbrp kali mogok di jalan krn kehabisan listrik.,Negatif
Mobil listrik tidak akan pernah menjadi solusi atas polusi dan krisis iklim. Mobil listrik hanya memindahkan polusi di kota besar (kebanyakan di negara maju) ke wilayah Indonesia Timur. Maka kalo permintaan mobil listrik semakin meningkat deforesrasi di Indonesia semakin masif. https://t.co/RKCUhs9dBd,Negatif
@doktermarket Saya pribadi msh blm terlalu percaya sm brand2 baru (apalagi brand lokal) utk urusan mobil / motor listrik. Terakhir pernah punya salah satu brand batrenya mleduk pas dicharge.,Negatif
bingung mau punya rumah dulu apa mobil listrik .,Negatif
Kapan ESEMKA produksi mobil listrik ? Klo bisa yg pake token &amp; kemudahan bayar pake paylater..,Positif
Yang punya mobil listrik sebulan token listrik rumahnya habis berapa?,Netral
@lin_conil @jokowi Habis esemka terbitlah mobil listrik,Netral
Nikel bahan penting utk battery (mobil listrik),Positif
@doktermarket Biasanya yg beli motor/mobil listrik kebanyakan sudah punya yg konvensional (bensin/solar) jadi ya mikir dulu sebelum beli motor/mobil listrik kalau belum punya yg konven ,Netral
@geloraco Mobil listrik ESEMKA yg berubah wujud jadi mobil listrik tahap uji coba pake battry jam dinding dulu ... #sengasal_paklurah,Netral
@Ronnie_Rusli Itulah mengapa masa depan mobil listrik masih dianggap suram krna segi maintenance daripada kendaraan konvensional berbahan bakar om Mobil mesin ICE (Internal Combustion Engine) utk overhaul 15-50jutaan udah waras lagi sementara batre mobil listrik harganya ga masuk akal ,Netral
"@ridwanhr Bang itu mobil listrik kalo nge hang, cabut batere ya?",Netral
"@KaryawanIt @ridwanhr CEO BYD sendiri klo gk salah pernanh ngomong klo basic nya mobil listrik itu cuman nyambung-nyambungin kabel doang kgk serumit mobil konvensional, jadi ngeliat dari pernyataan itu wajar mobil listrik semua bisa bikin.",Positif
@SelebtwitMobil Emang berapa persen orang yg bisa beli mobil listrik?,Netral
@txtdrpemerintah Lah terus kenapa masih ngegasin jualan mobil listrik?,Netral
Banyak Pembeli Mobil Listrik Bukan Butuh tapi Lebih ke FOMO https://t.co/CknHU7u4b1 #Ramadan https://t.co/P6MwgcsDqr,Netral
ngecharge mobil listrik pake powerbank anker ,Netral
"Wah kenapa gak beli mobil saja dik? Aduh macet sekali nih, naik motor aja 45 menit, apalagi naik mobil.. padahal cuma berapa km~ Tapi kan keujanan? Oh iya baik saya akan membeli wuling listrik karena kecil dan menjaga lingkungan 🥰🥰",Positif
"Di jalan liat mobil listrik dari platny ada warna biru. Pas ngelewat brand-nya Nissan.  Pas gugling udah ada dari 2021, gaungnya kalah sama hyundai ioniq ya. Sampe ga tau ada mobil Nissan Leaf.",Negatif
"@KaryawanIt @ridwanhr Jawab serius.   Semua pabrik juga bisa kok bikin mobil konvensional pake BBM. Cuma pasarnya udah lama dan sudah ada Pemain yang lebih dikenal. Untuk mendobraknya perlu Budget Pemasaran yang besar.   Sementara, Mobil Listrik terhitung baru, dan belum ada pabrikan yang settle.",Negatif
Banyak mobil listrik kat sini. Kalau ada pilihan untuk guna gojek/grabcar listrik memang aku try dah,Netral
@ArjayaDirja @NenkMonica @yunartowijaya @psi_id @FaldoMaldini Klo kebanjiran gt yg punya mobil listrik nyetrum gk yah,Negatif
"@txtdrimedia Apa itu mobil listrik, apa itu mobil terbang..",Netral
@SelebtwitMobil Mobil listrik itu cuma oversized electric RC,Netral
@cheezemilks sebulan udh bisa lgsg bisa beli mobil listrik,Netral
sebagai anak yg pengen beli mobil sendiri pake duit sendiri aminin tertarik bgt sama look ioniq 5 tp masih belom tertarik mobil listrik :(,Positif
@kumparan Ini jadinya mo pake mobil listrik ATO tetep solar sama bensin?,Positif
"Apakah berapa tahun kemudian konter hp bisa mengganti baterai mobil,motor,dan sepeda listrik(sedang melamun)",Netral
Merek hp Cina sampe bikin mobil listrik 😀. Kayanya terkait EV merek2 Eropa bakal ketinggalan nih,Positif
@SelebtwitMobil Bikin mobil listrik lebih gampang drpd Mobil ICE apalagi hybrid.  Makanya di China pabrikan EV menjamur. Tinggal jualan gimmick aja buat diferensiasi.,Positif
@SelebtwitMobil “mobil listrik” yg udah teruji lbh dr 30thn kemudian itu….  Tamiya dan Kyosho  👻💨💨💨🔥🔥🔥,Netral
Apa benar mobil listrik Xiaomi kalo mati kena banjir harus dimasukin ke gudang beras bulog?,Positif
@mase_aga @Strategi_Bisnis Detail teknisnya saya kurang tau pak. Cuma nonton di channel youtube yg bahas baterai mobil listrik.,Netral
"@didi_ng Ini beda bang,,,, ngaoahahahahhahahahaha ini mah anak juragan, yang blom lama emaknya marah2, beli mobil listrik awal nya mahal banget eh pas 4 bulan berjalan tuh mobil udah terjun harga barunya.",Negatif
Non mobil listrik apa yang ukurannya kayak wuling ev?  Udah coba googling2 gak nemu2..,Positif
"@islah_bahrawi Di satu seminar akhir tahun lalu yg salah satu panelisnya @cakimiNOW sy bertanya begini, “Knp sih kita terkesan mengglorifikasi nikel utk mobil listrik? Bukannya lbh baik membenahi angkutan umum &amp  membuat kota2 yg walkable?”",Positif
@ridwanhr kenapa bikin mobil listrik kelihatanya gampang amat yak?semua pabrik bisa bikin,Positif
"Fyi, konstruksi mobil listrik Itu lebih rumit dr mobil konvensional, banyak bengkel yang masih nolak bongkar mobil listrik krn ribet dan resiko ga bisa benerin, jadi makin rusak. Mobil konvensional aja ga beres beres, mobil listrik lagi. Esemka",Negatif
"@SelebtwitMobil @SelebtwitFess Cari mobil utama atau mobil kedua buat dikota doang? , kalau butuh nya mobil kedua ambil mobil listrik lebih bijak.",Positif
@ArjayaDirja @NenkMonica @yunartowijaya @psi_id @FaldoMaldini Itu mobil listrik wuling nggak konslet om?,Netral
"kalo mau beli mobil listrik, mobil cina top mentok dah",Positif
Kalo aku beli mobil listrik terus charge nya di kampus boleh gasi,Netral
"@anonpay Skip, soalnya yg di cas mobil listrik",Netral
Hapengen tuku mobil listrik tapi kok kelingan nek token omah wae sih sok muni tat tit tat tit kok reko reko mat,Negatif
"Aku isih gumunan karo mobil listrik sek ning yujoooo ki kok plat e iso do B kabeh sik tak temoni , kok iso ya? Opo batrene seawet kui ?  Tapi mungkin le tekan kene ditowing yo iso sih 🤔",Positif
"@FunOFootball @txtdrpemerintah Lho lho lho... mau jualan mobil listrik dan motor listrik kan, kok suruh batasi kendaraan pribadi? https://t.co/zDd9TT9XFQ",Positif
Jakarta banjir solusinya ya ikn. Jakarta macet solusinya ya mobil listrik.,Positif
mobil listrik kalo kena air gini nyetrum gak ya,Positif
"@Strategi_Bisnis Brandnnya udh familiar dunia otomotif, mobil listrik kyknya bukan satu2nya yg akan booming di dunia , kemungkinan mobil hidrogen fuel Cell akan maju jg. Bbrp perusahan besar sdh kolaborasi &amp  mereka pemain mobil hidrogen lama. Tinggal infrastruktur dikembangka.",Positif
Lumayan Bro... beli mobil listrik bebas pajak impor https://t.co/uOgIbW9Ke9,Positif
@iqbalhafizon Makanya jgn subsidi mobil/motor listrik goblok,Positif
@abdulmuhari KALAO PAKE MOBIL LISTRIK AMAN GA YA,Positif
@lerry_satya Eits motor listrik termasuk EV jg lho,Netral
"Sony kolab sama Honda, ngeluarin mobil listrik Afeela yang bisa dikontrol pake stik ps5.  Tp tetap terasa kurang. Harusnya stirnya juga bentuknya stik ps5 ya biar sekalian. https://t.co/klFvwFtXs8",Positif
Rest area pabrik gula Banjaratma tersedia dua Astra Otopower untuk pengisian mobil listrik dan masih gratis. https://t.co/2AhKvXtWXK,Positif
"Seperti yang dilakukan oleh Bryan Hugo, salah satu mahasiswa Program Studi Teknik Elektro UBAYA, yang memanfaatkan solar panel dan energi matahari untuk menjadi energi cadangan mobil listrik Teknik Elektro Universitas Surabaya Autonomous Vehicle (TEUSAV) https://t.co/PoEZ4YUJsw",Positif
10tahun berlalu  Ayo beli mobil listrik,Netral
org jakut keknya ga cucoo make mobil/motor listrik yee. investnya ke mobil yg bisa mode amfibi aja. gila gue warga baru jaksel shock jaksel2 ini ga pernah banjir atau genangan apa. too unfair.,Positif
"@sukmanantegarr @ridwanhr Gila aja lo, mobil listrik harganya miliaran, di beli buat test tabrak, kayanya kalo pelakunya cuma perorangan gak bakal mau , kecuali di sponsorin atau sekelas perusahaan, atau konten kreator kaya banget bisa juga lagi gabut",Positif
Sayang nya belum ada system berlangganan utk mobil listrik yah.,Negatif
@hoteliercrypto Tesla apa mobil listrik china bli dia maunya?,Netral
"@elisa_jkt kan emang yang dipentingkan mobil dan motor, apalagi yang listrik listrik tuh. pejalan kaki? transportasi umum? apaan, second class citizen tuh ga ada profitnya bagi negara 🤣",Positif
@detikcom Udah tau macet kok mau datangin mobil listrik? 😅😅,Positif
"Mengajak masyarakat untuk terbiasa jalan, gowes, naik kendaraan umum❎  Mengajak masyarakat berbondong-bondong beli mobil listrik✅",Positif
"@_carolineputri lah salah lakinya lah ngapain ibu hamil sampe lewat situ? kan harusnya dianterin si lakinya naik mobil listrik, biar nyaman dan adem 😤",Positif
"@ivanjayawan penemu batere mobil listrik adalah pahlawan, karena dari batere2 soak kita bisa ambil residu nya buat pupuk yang menyuburkan tanaman",Negatif
"lah ngapain nyobain jadi penumpang TJ? second class citizen itu mah, mending beli mobil listrik. lagi digoreng pemerintah loh. asik kan, sampe kantor masih wangi 😊😊",Positif
@ardisatriawan Si A cuma bisa pakai motor + krl yg ongkosnya mahal.  Si B bisa beli mobil listrik yg di subsidi ongkosnya lebih irit. Gakena ganjil genap.,Negatif
@ridwanhr mobil listrik cina bener2 melaju pesat meninggalkan jauh industri mobil klasik di eropa dan jepang ya,Netral
"@yoegae_ @ARSIPAJA Udah tau masyarakat demen bawa kendaraan pribadi malah bikin kebijakan subsidi"" motor &amp  mobil listrik. KAI ajuin pengadaan KRL ex Jepang ditolak. Mengurangi jadwal Argo Parahyangan. Itu tuh fatal bgt""",Negatif
"@DokterTifa Setau gue info Update, mobil ESEMKA tehnologi nya untuk tenaga BBM diganti Listrik. Nunggu  Produksi pabrik Nikel bahan batere sendiri 👍⚡",Netral
@CNNIndonesia Kan lu jual motor sma mobil listrik juga dungu,Netral
"Bukan lapak buat julidin mobil listrik, buat konsumen yang mau mau aja. Dilarang menghujat dan menjelek-jelekkan jualan gw. Bukan untuk kaum mendang mending.",Negatif
"Gw juga bingung disini nama2 Brand ya apa aja, banyak mobil listrik tapi gw gak tau event modelnya sama sekali. Brand2 gede pada ketutupan.",Positif
"@CNNIndonesia Ngomongin Jakarta macet, malah subsidi mobil listrik 🙄 Bukannya malah dukung transportasi publik🙃",Positif
"@dlk1m Yap, ini salah satu alasan kenapa pabrikan jepang belum agresif di mobil listrik.",Positif
"@ridwanhr Mobil listrik yg cocok dgn kondisi umum jalanan Indonesia dong, mas?",Netral
"@kompascom Kalo PLN/Pemerintah menyediakan baterai baru gratis buat ganti baterai lama yang udah rusak, maka dijamin motor/mobil listrik akan laku keras. Berani?",Positif
"Gimana engga pak, diskon ppnbm siapa yg buat? Insentif mobil listrik siapa yg buat? Belum lg yg dibawah2 bapak, ngizinin perumahan ngelebar kesana kemari pdhl pusat kota ada banyak tanah kosong-tdk efesien",Positif
"https://t.co/xZKBBjNZBV  Di Belanda mobil listrik sudah sampai permintaan utk mematikan public chargers di peak-hours (16.00-21.00) karena kelebihan beban. Saat ini di belanda sudah ada sekitar 300rb public EV chargers. Total 500rb, termasuk home private chargers. https://t.co/4gl9yVuoNh",Netral
Khan ikutin kate @aniesbaswedan transportasi massal bukan mobil listrik,Netral
@ridwanhr Astra &amp  Indomobil harus mulai pertimbangin buat kerjasama sama pabrikan china buat mobil listrik. Kalo fokus di mobil minyak jepang terus bakal kelelep tuh main core bisnisnya.,Negatif
"@ridwanhr Mobil listrik pada over canggih, kenceng. Harus ada test lolos uji disetir emak emak indo.",Netral
"@ridwanhr Ya mau gimana, sebenernya udh hal yg gak mengagetkan kok. China emang industri elektroniknya emang bagus, ditambah mobil listrik itu lebih dekat ke produk elektronik dibandingkan produk otomotif. Karena komponen utamanya elektronik.",Positif
@CNNIndonesia Udah gitu mau subsidi mobil listrik,Positif
Lagian yg pd milih percaya sm tampangnya. Dari awal mobil listrik mobil listrik itu ya aku ga suka loh sm dia. Tampangnya tuh...gatau bukan tampang org baik sih,Positif
"@MunafAdi22 @ridwanhr @SelebtwitMobil Justru itu menang nya mobil china. Mereka liat masa depan. Klo ngikutin petrol dll, Mereka udh ketinggalan teknologi. Makanya tancap gas duluan di listrik.",Positif
"@ridwanhr gilaaa ini china bener bener bakal menguasai perdagangan dunia. Hp china dulu dipandang sebelah mata, sekarang rata rata pake hp china. Mobil china dulu ga dipandang malahan, sekarang jadi rajanya mobil listrik terbukti denyan byd jadi brand no 1 di pasar mobil listrik",Negatif
@kompascom jualan mobil listrik dilanjutkan saja pak. yoh iso yoh,Netral
"@FiinaDu Alasan polusi udara, ujung2nya bisnil mobil listrik. Ada keterkaitan dengan perusahaan tersebut. Nah siapa pemilik perusahaan mobil listrik tersebut?",Netral
@AbunawasReturn @brother_djon Kok nggak dikasih  mobil listrik aja duuoooong??! Biar lebih greng gituuu looooo??! 🙄🙄🤷🏼‍♀️🤷🏼‍♀️🤷🏼‍♀️,Positif
"@adiyaadiya @garryariesta Mangkanya pake bajaj dong.. Jgn kayak orang susah  Pake mobil pribadi, listrik kalau bisa, jgn lupa voorijdernya",Negatif
kalau mau jujur sebenernya masih bingung jadi mobil listrik ini sebatas tren dan mainan rang kaya aja atau emang solusi mobilitas ramah lingkungan. anyway bismillah tetep mau Seal sebiji sih https://t.co/nC71uwcwe9,Positif
@bread_selling @PamanGembuul Weeeee... MasyaALlah. Mobil listrik yak! 👍🤩😁,Positif
beli mobil/motor listrik bekas = beli batre bekas 😆🫣,Netral
"malesnya kalo ke pameran tuh keinginan impulsif tuh bener2 naik ajgg. kemaren ke IIMS aja hampir beli motor listrik, tapi inget kalo di kosan gaada tempat memadai,  terus liat mobil ev punya BYD yg Seal, cakep bgt ancritttttt  ingfokan ngepet semalem dapet 1M 😔☝️",Negatif
"Menurutku mending investasi ke sepeda listrik, ini masih sepeda ya belum motor atau mobil listrik.  Dalam beberapa negara lain, udah ada mobil skala besar.  Tapi yang aku bingungin itu bisa ngisi di rumah gak ya?",Negatif
@unknown2136410 @Strategi_Bisnis dan melihat perkembangan mobil listrik mulai jalan ditempat dan banyak masalah disana. malah mobil hybrid lebih baik ...,Negatif
Mobil Listrik Adalah Solusi BBM Naik? Ngawur! https://t.co/eb2w4k0pKv,Positif
"@crypyo_legend88 @cryptondo Orang kaya juga gak mikir, kalau minyak bumi habis ya tinggal beli mobil listrik baru 😆",Positif
Mobil listrik lucu banget,Positif
"Jaksel ini memang banyak orkay, disaat rame mobil listrik BYD harganya lebih murah, di sini malahan liat banyak mobil listrik BMW, Mercedes, sama Lexus di jalanan.",Netral
@flvffflaf Bwhahahhahaaa....  Padakke kene ky mobil listrik... dicas njut tahes,Netral
@banjarbase Baik mobil listrik yg bremot. Nyata jd duit. Bw k taman kota jam 4an kmrian,Positif
"@cikombulthecat No offense, daripada beliin km bmw mending beliin aku mobil listrik, ramah lingkungan",Positif
"Ngasih pressure juga ke pemangku kebijakan dibawah Presiden buat bikin infrastruktur penunjang mobil listrik, terutama charging station kapasitas besar.",Positif
"@PetrolWeeb Diliat dari fotonya kek BYD Dolphin lebih lega ketimbang kompetitornya ya?  Sama itu dasbor yg tengah (bawah layarnya) unik sih bentuknya. Desain bodinya juga lucu sih, gk aneh atau terlalu futuristik kayak IONIQ 5. Gokil sih mobil listrik pabrikan cina keliatan menarik semua.",Positif
hmm mulai tertarik dgn mobil listrik kecil itu😞,Netral
@20Jangva maksud lo mobil listrik vietnam tuh yang kayak vinFast kah? Yang VF5 katanya mulai 250 jutaan,Positif
@worksfess Aki tekor. Kalo di mobil artinya aki lebih kenceng keluar listrik daripada ngisi.,Negatif
mobil overheat vespa mogok aliran listrik mati mio bannya bocor Subhanallah cobaannya 🙏🏻🥲,Negatif
"@bilb0l Gegara harganya di subsidi kan?? Boleh laa, beda puluhan juta tapi rangenya lebih jauh. Masalahnya satu, spare partnya inden kata org². Magernya nanti kalo ada apa² disuruh nunggu, beda sama merknya mobil listrik vietnam yg deket ama indo",Negatif
"mobil listrik dari segi pajak, penggunaan listrik dikasih murah. nanti klo udh mayoritas pke mobil listrik jg pasti dimahalin.",Positif
@ferizandra He hee Aya2 wae kalau Halusinasi ya begitu... Enggak sekalian Asemka jadi mobil listrik,Positif
Eropa kini tak hanya dibanjiri mobil listrik China yang murah tetapi juga berkualitas tinggi. #TajukRencana #AdadiKompas   https://t.co/yOfHHZ5fdV,Netral
"@r57927 @riksayuda Dgn harga yg turun akibat oversupply, keuntungan RI juga berkurang. Krn kontrak long term dgn China sbg pembangun smelter, nikel murah tsb ditampung mrk. China produsen mobil listrik terbesar. Yg untung China krn bisa tekan cost harga pokok baterai shg moblis-nya jg murah!",Positif
"Hmm... mobil listrik baruuu aja gencar di promosiin di NL.. sudah bermasalah dg kelebihan beban, terutama di kota besar. Bahkan dihimbau utk tdk serentak menggunakan mobil listrik. Indonesia gimana? Msh ngotot dg mobil listrik? Hehehe bubaaarrr",Positif
@kaeyagubeng Ril sih memang hybrid bikin jauh lbh irit drpd non hybrid  Sebenernya aku ttp lbh prefer EV/full listrik sekalian...cm sayang sepertinya SPKLU di indo blm tersebar merata (?) 🤔 Beda sama di cn skrg udah 1/3 mobil baru terjualnya full listrik,Positif
@zulafaharumbi @Stakof Hybrid itu mah. Mau irit mah yg CCnya kecil atau mobil listrik sekalian,Positif
@haechanfttm Lu kira bus tj segede mobil listrik wuling,Netral
"Kaga perlu Lamborghini sih, cukup mobil listrik wuling aja lucu soalnya kek rautan",Positif
"Kalau sudah punya mobil listrik, jangan lupa pakai sumber listrik dari tenaga surya juga ya! Biar makin bersih energi yang digunakan 😁😁  #karina #AaronBushnell #jokowi https://t.co/MjFqPmMnkM",Positif
@rizkiepsa @Shasa_JKT48 Mobil listrik dek minta wkwkwk,Positif
"keknya enak naek kuda. 1nakes, 1kuda. ga usah pake motor/mobil listrik",Positif
@Stakof Batal beli mobil listrik ?,Negatif
Mobil listrik ga dulu,Netral
"Pajak orang kaya dihapus/dikurangi, pajak orang miskin diuber-uber 🤦🏽‍♂️",Positif
"@Stakof Ngomongin bensin teroosss, ada mobil listrik tuh",Netral
"Nikel murah Indonesia dinilai akan menghancurkan pesaing dalam beberapa tahun mendatang, memperkuat posisinya sebagai produsen logam dominan di dunia yang sangat penting untuk baterai mobil listrik.   https://t.co/u7ZZ8O17xw",Positif
"@DhidhiVanDjoel @veezy_boy @innovacommunity @Stakof @SelebtwitMobil Komponen utama mobil listrik itu kan baterai+controller+dinamo motor. Harga baterai air ev aja itu 100'an jt dengan garansi 8thn atau 120.000km. mobil konvensional apakah ada dengan hrga yg sama biaya perawatannya sampai 100jt untuk 8thn? Ini baru baterai, blm controller+dinamo.",Negatif
"sebelumnya bilang akan menjadi produsen batery mobil listrik terbesar, sekarang bilang pabrik sendok. Sudah tua tukang tipu.",Netral
"Menggunakan mobil listrik tentu berbeda dengan kendaraan konvensional, salah satu rasa khawatir, atau yang biasa bikin panik pengguna adalah saat kondisi baterai sudah menipis, namun tidak ada charging station.",Negatif
"@AiezKopites @veezy_boy @innovacommunity @Stakof @SelebtwitMobil Emang perawatan mobil listrik yg bikin mahal apanya, selain batre yg itu ga mungkin 5tahun juga rusaknya?",Positif
"@beopinion Orang beli mobil listrik yah buat dalam kota mereka pinter drun, beli mobil listrik karena bebas genjal genap, orang yang punya mobil listrik pasti punya mobil bbm",Positif
@veezy_boy @innovacommunity @Stakof @SelebtwitMobil Kalau mau lebih irit lg ya sekalian aja mobil listrik. Tp yg jelas mobil konvensional itu perawatannya lebih murah daripada mobil hybrid dan mobil listrik.,Positif
@rsucadvfm1ur5 Di amerika dan negara yang sudah menggunakan mobil listrik sudah ada SPKLU Emang kalau mau lagi jalan jauh bisa? Tesla kalau pakai listrik rumah lama casnya juga banyak makan beban listrik,Positif
@beopinion Mobil listrik bisa di cas di rumah drun,Negatif
@CNNIndonesia Tapi harus di dukung  dalam waktu lima tahun perusahaan yang mengimpor mobil listrik CBU  bikin pabrik perakitan di Indonesia untuk mobil CKD  dgn kewajiban minimal 40 persen TKDN,Positif
"Kalau untuk mempercepat go green kan bisa mobil listrik yang murah, yang mewah tepat ada pajaknya dong, rakyatmu loh pak lagi antri beras owh iya kan yang antri beras rakyat konoha",Positif
"SPKLU/SPLU masih belum banyak gimana mau beli mobil listrik secara masal !!!  Oh baru ingat, yang boleh punya mobil listrik kan orang kelas atas tapi kok pajak barang mewahnya dihapus !!? jam tangan mewah ada PPnBM tapi kok mobil listrik mewah tidak ada ????? https://t.co/0TliiRJEHz",Positif
"@siAkanglari Iya banget si, sama 1 mobil listrik",Positif
"Lucasss ternyata kamu punya tesla😭😭 plot twist banget bilangnya beli sepeda listrik, tapi yg dibeli mobil tesla😭😭🤚🏻",Netral
"Mobil listrik dibebaskan dari pajak barang mewah, apakah ini saatnya pindah ke kompetitor? 🏃 🏃 🏃 🏃 🏃",Positif
@tanyakanrl Pengen banget mobil listrik sih,Positif
"@rsucadvfm1ur5 @CNNIndonesia Kerja PLTU jadi nambah dong satu untuk kebutuhan listirk perumahan dan industri serta nambah untuk mobil listrik, yang seharusnya kerja PLTU kurangi. Polusi nya sama aja.",Netral
Pake mobil listrik dong ramah lingkungan dan ada fitur kembang api juga https://t.co/IqGhWUxEFG,Positif
@sopir_idiot Mending mobil listrik ramah lingkungan https://t.co/RceumLLo7W,Positif
lu kira dgn segini banyaknya faktor bakal mau pake mobil listrik tipe lfp? gila ape,Negatif
mobil listrik solusinya,Positif
@mouldie_sep Mobil Listrik?  Mending Xiaomi,Positif
"@CNNIndonesia Hapus pajak harusnya buat orang susah, yg beli mobil listrik rata2 punya mobil bensin di rumah.",Negatif
"@ferfau Bukannya kucurin dana buat transportasi massal, eh malah mobil listrik. Berak.",Positif
@timmymalachi Tetep looo mobil listrik ini di push 😁,Netral
"Pasar mobil listrik makin ramai setelah hyundai,kia,wulling sekarang BYD dan Netta mulai buka dealer di Jakarta Selatan Saya mah window shopping doang ama sok asik nanya2 ke SPG 😁😁",Positif
@NenkMonica Karena mobil mewah listrik dll itu ada cuannya &amp  itu merupakan lapak yg tak boleh diganggu..semua pemburu rente JELAS..,Positif
Mobil listrik cuman nambah nambahin polusi dan kemancetan doang🥱,Netral
"@The_Rinpam @CommuterLine Solusinya Subsidi mobil listrik""  Kan tahiq""",Positif
@PamanGembuul Rakyat miskin kalo ga mau yg berpajak silahkan  pake sepeda ... Rakyat kecil msh bisa beli mobil listrik itu kecil ukurannya doank kali y om 😂,Negatif
"Rakyat kecil kalo mau sesuatu yg tak berpajak, silakan beli mobil listrik. KONTOL!!!",Negatif
"@keluhsastra @CNNIndonesia Gini luh drun, kalo kamu pake mobil bbm 2 kali polusi, kalo kamu pake mobil listrik polusi cuma sekali, itu yang di namakan mengurangi pulusi, paham gak drun, jangan dungu drun",Positif
"percaya deh, mobil listrik gak akan menyaingi jumlah avanza dan xenia di jalan raya",Positif
Aku gamau. Harus mobil listrik. Gamau yang lain. AAAARRRRGGGHHHHH MOBIL LISTRIKKK PLOK PLOK PLOK SSRRRGGGHHH AAARRHHGGG MANTAP COEGGGG!!!!! ,Positif
Parung 1-2 tahun lagi (isinya mobil listrik Cina/Vinfast yang ownernya ga kuat beli batre),Negatif
Sepertinya Om mobi ini terlalu mendukung kebijakan mobil listrik,Positif
Kenapa bisa kejadian? Soalnya mobil ini serba otomatis &amp; mobil listrik Serba otomatis: - Rem tangan otomatis turun - Kunci tdk harus nempel sdh bs start Mobil listrik: - Tidak ada suara mesin - Tidak ada suara starter Dua hal ini berperan besar dr kejadian diatas,Negatif
Gue bisa bawa motor matic gigi kopling kecuali mobil listrik.,Netral
@txtdrjkt Semangat kerja buat subsidi mobil listrik...,Positif
@threadshopee @innovacommunity Ini mobil listrik ga ketauan udah siap jalan kalo dari luar,Positif
@tanyakanrl Mungkin di rumah semuanya serba listrik mobil listrik motor listrik sepeda listrik kompor listrik pager listrik selimut listrik sendal juga listrik ,Netral
@CNNIndonesia yang Beli Mobil Listrik Bekas itu manusia yang level IQ-nya bukan maen,Netral
Wuling Air ev Sabet Penghargaan Mobil Listrik Favorit Anak Muda https://t.co/zzYxnQEYhL,Positif
@tirta_cipeng Enak ni dok mobil listrik yg feel-nya mobil BBM plus punya turbo boost ,Positif
@cielespoirme ㅤㅤhahahaha aku sempat tertarik dengan mobil listrik tapi masih sedikit takut kalau tiba tiba mogok dijalan yang tidak ada tempat untuk charging,Negatif
Pertama kali nyobain mobil listrik. Oh gini ya tarikannya. Pantesan tetangga saya pakai Airev rada kaya nyetir ️️ https://t.co/yvvwz2Lyhq,Positif
@toe_giman Ada yang bisa buktikan mobil listrik lebih hemat dari fosil?,Netral
@tirta_cipeng diluar hype mobil listrik ekosistemnya belom oke buat di indo ganti part inden charging belom ada dimana2 batre kena udah kaya ganti mobil baru yo nek koe sugeh rpp tp kan wong kene mobil lecet wae mencak2 kan ya,Positif
@ichangmien IYA LUCU BANGET PLEASEEE heboh nyari cowok . Kalo kita gak sengaja nyenggol mobil listrik nanti kesetrum gak ya kak?,Positif
Seharusnya si kalau udah denger suara mesin nyala pasti keluar sob tapi kalau suara mobilnya senyap atau kayak mobil listrik kalian harus cek dulu si sob. Biar Aman dan tenang Perjalanannya sob!!! #kucing https://t.co/SKUUDnA1Eb,Positif
@BerkahWidodo6 Bener om cocok bgt nih cloud dijadiin mobil keluarga. Harga juga terjangkau. Mobil listrik juga ok bgt sih,Positif
@kompascom Owalah...pantesan ada yg semangat sama mobil listrik...ini thooo ...oke gas oke gasss...jadiin indo tempat sampah barang2 yg ga laku di negara laen,Positif
@innovacommunity Saya nggak terlalu suka mobil listrik karena mengaburkan fakta bahwa banyak bahan bakar lain yang lebih ramah lingkungan lagipula ngisi listrik itu perlu biaya yang mahal dan perlu tegangan listrik yang banyak,Positif
@komunitaswevi Itulah keuntungan dari mobil listrik .,Positif
Ga lama lagi di Jakarta juga bakal gini kalo udah rame mobil listrik,Positif
@lhayesno Kira2 apakah mungkin suatu saat nanti baterai mobil listrik akan pakai sistem swap jadi kalau habis baterai tinggal copot lalu tukar dengan yg sudah full. ,Netral
@Blupbu menang mobil listrik,Positif
@bubblinxiao @swaninpan katanya kamu green lover eh apasih green thumb environmentalist tree hugger jadilah mobil listrik din,Positif
@fanononaf @fahmieabdoel @komunitaswevi Guoblok luh kalo gak mampu beli mobil listrik tuh motor di subsidi juga udah miskin goblok lagi,Negatif
@innovacommunity Paling bener beli mobil listrik itu di tahun 2030 ketika teknologi semakin inovatif dan juga harga batery akan lebih murah.,Positif
@SelebtwitMobil @komunitaswevi Mangnya ban buat mobil listrik sama wat mobil bensin beda ya min?,Netral
seberapa tinggi? bawa mobil listrik dari 100% sampe sisa 1% https://t.co/IbylXVX9eH,Netral
@ponylompat Mau dong kakak review mobil listrik cloud ev,Positif
@GasSiregar @hootagalung @innovacommunity Beda segmen beda peruntukan ada fenomena unik untuk wuling air ev dia laku karena mobil listrik &amp; imut. Misal kalau kei car dijual disini pasarnya segmented banget karena walaupun sama imut tapi mesinnya kurang memadai dibanding wuling.,Positif
@lhayesno Mobil battery/listrik ini sama saja dgn lapto atau komputer hp yg pasti kerusakan baterynya. Apakah ada yg ganti battery saja ? Apalagi jika versi SW nya sdh update..mobil juga kaya SW update tiap mbl baru. Kalau mau coba kendaraan listri motor saja yg battery sistem sewa.,Positif
@innovacommunity Saya punya keyakinan mobil listrik tidak ramah bagi penduduk negeri ini. Bukan masuk skeptis atau pesimis kesadaran untuk merawat kendaraan belum dimiliki sebagian besar warga. Bahkan di kalangan saya muncul slogan bisa beli/bikin/buat tapi tidak bisa merawat ,Positif
Negara Berkembang: Ambil baut jembatan Negara Maju: Ambil tembaga charger mobil listrik. We're all human beings. Same stuff different continent.,Netral
@NagasasraS @lhayesno kalo mindsetnya begini beli mobil bensin aja memang ga cocok mobil listrik bagi yang niatnya mau sering gonta ganti mobil kalo saya memang buat minimum 10-15 taun ke depan,Netral
@tvOneNews apakah ada yang mau jualan mobil listrik dan motor listrik kali yah ???? wkwkwkwkwkwkwkwkw,Positif
mau mobil listrik mau mobil bensin kan ttp aja sm sm private vehicle ownership,Positif
@jalli_jail_ @lhayesno At the end suka atau tdk suka biasanya sih qt bakalan di paksa ke arah sana misal yg masuk dae ttt hny mobil listrik (*so called ramah lingkungan) dll akhirnya yg ga pny mobil listrik mobilitasnya kemana2 terbatas mau ga mau di paksa beli dll dejavu jaman vaksin ,Positif
Cemarkan Udara Tesla Digugat ke Pengadilan https://t.co/dvT3UivEx2 #ElonMusk #MobilListrik #PolusiUdara #Tesla,Positif
@OnangBlondho @mydayat @lhayesno Nanti kalau sudah pada pake mobil + motor listrik semua bisa jadi pajaknya dinaikkan sekarang murah ya emamg lagi membangun ekosistem.,Positif
@lhayesno Jeroannya dikit kl mobil listrik jd lebih dikit pengeluaran buat sparepart,Netral
@tvOneNews Ngelarisin mobil listrik dan mobil baru.,Netral
- Baterai mobil listrik ga harus diganti semua cukup ganti bagian baterai yang udah lemah - Kayaknya 6 tahun ganti baterai itu kecepetan EV sekarang bisa lebih awet dari itu. Coba hitung lagi siapa tahu hasilnya beda.,Negatif
@lhayesno Utk saat ini mobil listrik nya masih kemahalan ,Netral
@lhayesno Mobil listrik juga kudu apik yang punya gak bisa dibiarin kotor karena pendinginan baterai nya jadi satu sama AC jadi kalau AC tersumbat ga dingin bisa pengaruh ke pendinginan baterai otomatis memperpendek umur baterai.,Positif
emangnya mobil listrik ramah lingkungan? goblok ya lo,Negatif
@PapaQuon @lhayesno tapi harga mobil bensin bekas masih lebih mahal daripada mobil listrik bekas,Netral
@lhayesno klo prediksi saya sih dalam tahun2 ke depan kita akan dipaksa untuk beralih ke mobil listrik demi menghemat biaya subsidi bbm n harga baterai akan semakin turun..,Positif
@lhayesno @Rachmayanto Harusnya semua dimasukkan. Mobil ICE dengan bensin dan perawatan mobil listrik dengan charge perawatan dan ganti baterai. Baru bisa didapat mahalan mana.,Netral
@lhayesno Mobil listrik baterainya 10thn boi replacement 1/2 harga mobilnya,Netral
@PTBestcorp @lhayesno Lagian mobil listrik sekarang juga sumbernya dari PLTU pakai batubara. Hehehe Emang paling bener naik transportasi umum.,Positif
hukum jual beli kalo smua orang dah paham mobil listrik ya besok orang gabakal ada yang mau beli mobil yang umur batrenya udh aged tp ga diganti dulu oleh owner sebelumnya ya jadinya ga sesimple kalo dh pemakaian 5 tahun tinggal jual. ato kalo mau ya dijual harga rendah.,Negatif
masih dengan hot takes saya yang bilang electric car isnt the future ya karna itungannya ga masuk dan KALO emang di indo bakal beralih ke mobil listrik ya jadi seleksi alam aja. yang punya mobil untuk longetivity hanya yg kaya kaya aja macem di Singapore (negara maju things),Positif
@MochammadChusen @lhayesno Di china sudah ada teknologi swap batre.mobil listrik,Netral
@antony_chang @lhayesno Lebih baik mana pltu fossil plus pencemaran Mobil BBM dibandingkan pltu fossil plus Mobil listrik?? mikIR,Positif
@ethwin_pratama @lhayesno Produsen Mobil listrik itu isinya orang pinter2 juga biar produknya laku bagaiamana bikin batere tahan lama. Mending lo beli Mobil listrik dulu baru cerita.,Positif
@lhayesno Mobil mainan yg diperbesar. Gak ada bagus bagusnya. Hanya peralihan issue saja. Dan sangat tidak cocok dinegara ini dengan mobil listrik. Masih jauh dari kata siap.,Positif
@lhayesno Yah walopun ego harus ge turunin karna bukan pengagum mobil listrik tp gw akuin masih gemat mobil listrik klo hitungannya mendetail service bahan bakar pajak dll,Positif
@lhayesno Orang kaya yg beli mobil listrik cukup hanya utk 2-3 thn dimiliki lalu jual. Gak Worth it . Masih murah dng mobil konvensional dng harga sebanding diluar bbm paling mahal.,Positif
@PTBestcorp @lhayesno Kok anal cucu dibawa-bawa saat bicara tentang mobil listrik ? Apakah mobil listrik bisa menyebabkan kerusakan anal pada cucu ?,Netral
Pengen banget nyobain naik mobil listrik di Indonesia kekinian banget nih!,Positif
@lhayesno Mobil listrik pake meteran token bisa ga?,Netral
@lhayesno kalau masuk mobil hodrogen jg kelar ini mobil listrik,Netral
@OnangBlondho @lhayesno Kebanyakan pembeli mobi listrik bukan utk mobil pertama. Jadi enggak mikir mana yang lebih menguntung.,Positif
@lhayesno Di eropa saya sering naik uber mobil listrik.. mungkin lebih cocok buat taksi/angkutan barang.,Netral
Yg beli mobil listrik rerata ga ngitung sampe sgini jauh btw ,Netral
@lhayesno Buat ngakalin Mobil Listrik yg udah g kuat lagi beli baterenya lagi diantara solusi nya di kasih mesin disel kayak BETOR atau kalau gak ya kasih saja pancalan kaki kayak odong².,Positif
@lhayesno Ganti baterai=turun mesin Coba kak hitung2 yNg konvensional. Kalo saya sih dengan harga mobil konvensional vs listrik secara perawatan dan konsumsi bahan bakar menang listrik. Gua emang gak punya mobil. Tapi gua punya motor listrik dan konvesional harga yang sama.,Positif
@lhayesno Buat saya mah mobil bensin bisa 10 th pake sedangakan mobil listrik harus ganti batere di th ke6 tambah 300jt lg. Lalu utk kebersihan lingkungan limbah batere lama harus diolah &amp; biayanya jd beban pemilik.,Negatif
@OnangBlondho @lhayesno Jangan lupa mobil ICE setelah 8-10 th msh signifikan harga jual sekennya. kl mobil listrik?,Positif
@SelebtwitMobil @O5Bravo mobil listrik cina aman2 aja juga ,Positif
@wannafigh @lhayesno mobil listrik yg long range bisa sampai 400Km an kurang lebih. Untuk pengecasan skrg sudah banyak tersebar di setiap kota kalo d SPKLU diatas 50kw bisa cuma 30-60 menit saja,Netral
@AnggaTrilla @Mad__fights Coba kalo dia pake mobil listrik,Netral
@lhayesno Mobil listrik mo di pake mo buat pajangan tiap 5 th hrs ganti batrai ya ,Positif
@pakkamed Kasian penumpangnya cuma 2 pintu Minimal Binguo atau Neta kl mau listrik https://t.co/c5tBlqmUS1,Negatif
@SelebtwitFess Di indo kan lagi dibidik mobil listrik ,Netral
@lhayesno mmm....kira2 biaya KWH listrik buat charger berapa ? berapa biaya probability jika ada short pada kelistrikan atau sistem secara keseluruhan ? berapa biaya emisi untuk pembuatan mobil listrik secara massive ?,Netral
@lhayesno Ini belum dihitung harga awal mobil listrik yg lebih mahal. Yg sebanding dgn ioniq mungkin HRV? Yg harganya 400an juta. Selisih sekitar 300juta ini juga wajib diperhitungkan saat bandingkan mobil listrik dan bensin..,Netral
@lhayesno Satu yang kalian luput dari perdebatan mobil listrik VS mobil bensin adalah: Listrik kita bisa produksi sendiri dengan murah karena kita punya Batubara. Sedangkan BBM kita masih bergantung sama produsen d timur tengah sana. Jadi harga BBM bergantung sama harga minyak dunia.,Negatif
@SelebtwitFess Mobil listrik lagi gencar nya.,Netral
@OnangBlondho @lhayesno Perlu diingat jg pajak mobil listrik murah itu skrg2 aja krn lg gencar promosi. 5th lg yakin ga naik tuh pajak? Rugi dong wkwk. Kekuatan batre pasti smakin lama smakin lemah. Awalnya bisa 200Km lambat laun cuma 100KM. Pake listrik nambah krn sering ngecas,Positif
@kaoumayu mobil listrik yg mini itu,Netral
@lhayesno Kenapa masih dibilang relatif middle &amp; hight:: +garansi baterai = 8 tahun . Aku pikir ? Mobil listrik masih pada tahap mobil terbaru kan / masih barang mewah. If product mobil listrik atau kendaraan berbasis listrik sudah masuk product ekonomis semuanya akan lebih murah .,Positif
@GasSiregar @OnangBlondho @lhayesno bikin sistem solar panel itu biaya paling mahal di batre nya. nah klo udh ada mobil listrik kita pake aja batre mobil utk nyimpen arus.,Netral
@lhayesno Saya pemilik mobil listrik merek lain.. Sudah hitung perbedaan : 1. BBM (kalo harga mobil segitu normalnya pertamax yah) 2. Pajak 3. Maintenance,Positif
@lhayesno Mobil listrik akan terasa irit kalo sering digunakan saya irit 30jt/thn dicompare BBM dng biaya listrik blm lagi dng pajak dan biaya service pajak nol (kecuali asuransi tetep). Nggak enaknya gak bs ultra fast charging. Enaknya kalo berhenti bs nyalahin AC berjam2x.. 3rb/jam,Negatif
Nemu lagi Bisnis mobil listrik saat ini itu scam. Pembeli tidak diuntungkan dan tidak memberi maanfaat sebanyak itu ke lingkungan. Mungkin di masa depan bisa benar2 baik tapi sekarang tidak murni bisnis aja.,Negatif
@lhayesno Wah terimakasih pembahasannya. Jadi ingat buat bikin opini yang dibela habis-habisannya tahi lalats. kayaknya memang mobil listrik itu lebih mahal dari mobil bbm. Soalnya mobil bbm kalo ganti tangki bbm pun lebih burah dari mobil listrik ganti baterai.,Positif
@OnangBlondho @lhayesno Pajak nya mobil listrik brp si?,Netral
@lhayesno Setelah punya motor listrik saya menyimpulkan kalo punya EV entah motor apa mobil cuma akan worthed ketika disuruh kerja rodi dipake terus pas saatnya ganti batre karena drop bakal puas. Klo Jarang2 dipake sama2 bisa drop di thn ke-5 misal jatohnya rugi,Negatif
@lhayesno serba mahal kalau sekarang mobil listrik maupun bbm sama sama mahalnya belum lagi klo pertalite dihapus listrik naik,Netral
@lhayesno Bagi yg banyak uang tak berseri beli mobil listrik cuma buat senang2 .... Aku boros tinggal jual,Positif
@faiztimewa @yacintiya @idextratime Murah kalu mobil listrik mah,Netral
@lhayesno Wah wah wah...berarti jangan beli mobil listrik seken....udah gitu aja,Positif
@lhayesno abis baca komen fix lbh irit mobil listrik cakep bgt lagi. cocok juga buat ak yang kalo jauh bgtt ga akan pake mobil pribadi tinggal cari bininya ajaa karna bwt apaa ganti mobil kl yg lama masi okk,Positif
@lhayesno Mobil listrik utk mengurangi polusi udara,Netral
@lhayesno Itu jg kalo 8 tahun lebih masih dipake. Orang kaya yg beli mobil harga segitu biasanya 5 tahun udah ganti lg. Udah gitu hyundai bukan pemain baru di dunia mobil listrik bukan baru muncul kemarin sore kayak bbrpa brand lain tp udah dr 1991. TESTED AND PROVEN.,Positif
@lhayesno Biar kata gratis dikasih juga ogah makenya. Cukup tamiya aja yg pake listrik mobil bneran mah jangan,Netral
@lhayesno Masih lebih untung pake BBM karena harga jual kembali lebih tinggi daripada mobil listrik..dirombengkan pun masih lebih baik mobil bbm,Positif
@lhayesno Tapi naik mobil listrik itu enak (banget). Jadi jangan samain kayak naik avanza. Kalo hitungan di atas itu lebih mahal dibanding pengeluaran mingguan saat ini ya anggep aja itu biaya upgrade mobil juga. Atau mau apple to apple ya bandinginnya sama konsumsi bbm mobil sport eropa.,Positif
@lhayesno Itungan bego aja: Mobil biasa 50 th lagi jadi barang antik kalo mobil listrik jd barang rongsokan. ,Negatif
@OnangBlondho kalo servis mobil listrik biasanya yg di servis apa ya? terus kena biasa berapa? tempt ngecasnya juga belum banyak kalo smisal di cas di rmh listrik rumahan minimal berapa va?,Netral
@lhayesno Asumsinya mesti di revisi 1. Baterainya garansi sampai 10 tahun 2. Setelah 10 thn harga baterai turun sesuai fc in avg 15-20% pertahun 3. Saya punya mobil listrik ga ada tuh servis rutin 4. Pajaknya ajib cm 350rb 5. Ratio listrik k bbm 1:4 artinya cost down kwh 1/4 bbm,Negatif
@lhayesno warning buat yg mau beli mobil listrik bekas yg usianya 5tahun keatas,Negatif
@wartawanjkt @OnangBlondho @lhayesno Mobil listrik juga cepat lakunya Om tapi ditimbang ke teman madura,Positif
@lhayesno Keberhasilan kampanye global. Beli mobil listrik sekarang 5-6 tahun lagi dibuang (sesuai masa pakai). Terus beli baru lagi.,Positif
@OnangBlondho @lhayesno Makanya mobil listrik tidak diperuntukkan untuk kaum menang mending yg belum beli mobil tapi sudah berpikir untuk menjualnya..,Negatif
@lhayesno Idealnya ya dibandingkan total biaya pertahunnya.. Seluruh biaya yg timbul baik mobil listrik maupun BBM.. Dan ingat bandingkan mobil dengan level yg sama jangan bandingkan ioniq dengan mobil gocar.. ,Positif
@lhayesno Bagaimana kalau mobil listrik yg garansi baterai nya lifetime?,Positif
@lhayesno Mobil Listrik itu membatasi mobilitas manusia. Full charge cuma bisa 200km Terus tempat cas masih terbatas dan sekali cas itu bisa 6-8 jam buat full Pom bensin aja antriannya udah sepanjang itu Ada 3 mobil antri ngecas aja udah 24 jam bs pasang tenda nginep,Negatif
@lhayesno Saya heran mobil listrik di indo sudah ada 6 Tahun!? Ini tergantung penggunanya ya seperti Ponsel yg ada pakai masak 2 th harus ganti baterai wkwkwk ,Positif
@lhayesno Hyundai kasih garansi baterai 8 tahun. Beberapa mobil listrik merk lain juga kurleb sama masa garansinya. Jadi penggantian baterai dilakukan (minimal) setelah 8 tahun pemakaian. Bisa jadi lebih awet. Dan perhitungkan juga penurunan harga baterai,Positif
@lhayesno Lebih murah mobil listrik koq biaya bulananya,Netral
@lhayesno Ga usah dipikirin mas orang sudah mampu beli mobil listrik artinya dia mampu perawatannya juga se simpel itu.,Positif
@lhayesno belajar dari film Who Killed the Electric Car sebenarnya teknologi ini sudah bisa dicapai dengan murah tahun 1997 tapi tidak menguntungkan banyak pihak.. di film selanjutnya Who Saved the Electric Car muncullah Tesla dengan gaya mobil listrik sport yang mahal,Positif
@lhayesno Lho...kok yang dihitung cuma biaya ganti baterei aja lha kalo mobil itu mau mengaspal batereinya kan harus di isi apa gratis nggak ada pengeluaran ongkos listrik.,Positif
Diskusi menarik coba simulasi begini : 1. Biaya Baterai vs nilai susut mobil konvensional + (nilai susut mobil EV - baterai) 2. Biaya tagihan listrik vs dgn biaya konsumsi BBM NB : tdk memasukkan aspek finansial terkait pajak kredit bunga pembelian dll mgkn akan menarik.,Positif
Ngeliat orang bahas mobil listrik vs bensin jadi kepikiran mau beli mobil listrik. Nyari yg 7 seater harganya masih 2 milyar. Asuk,Netral
@ShopeeID Mobil listrik min,Netral
@lhayesno Kalo gw sih masih menikmati mobil bbm karena toh pada akhirnya kita harus ganti listrik kan? Jadi buat gw ngapain buru2 gw mau nikmatin mobil BBM dulu.,Positif
@lhayesno Ya intinya mobil/motor listrik itu bukan untuk mobil satu2nya atau mobil utama. Lagian yg beli itu pasti udah ngerti n sering gonta ganti mobil sebelum service gratisnya habis ,Negatif
mobilnya super keren denger2 mobil listrik dan bisa terbang https://t.co/vMDxbnH7WR,Positif
Kampas rem paling awet: Mobil listrik &gt; Mobil hybrid &gt; Mobil manual &gt;&gt;&gt;&gt;&gt; Mobil matic Kenapa? Ya karena engine brake / regen brake,Netral
@azlyamalika mending ganti mobil listrik gak sih biar gak usah gonta ganti oli lagi jadi uang serum gak bisa di ganggu gugat,Positif
@lhayesno Gak usah hitung biaya servicenya kak. Anggep aja gak ada hitung cost penggunaan energi aja. Sebulan Mobil Bakar = 2-3 juta Mobil Listrik 200-300 ribu dengan hitungan pp 40km / day work.,Positif
Kamu masih mau beli mobil / motor listrik? #KegobokanUnfaedah,Positif
@TedInvestigasi cocok dikirim ke WA grub keluarga yg ribut minta motor/sepeda/mobil listrik,Netral
Mobil listrik nanti juga murah klo sdh banyak klo pabrikan mobil hybrid ga bikin mobil listrik sekarang paling juga ditinggal ,Negatif
jaman skrg macet dimana mana kalo masih ragu sm mobil listrik saya rekomen bgt nih wuling new almaz rs pro hybrid krn desainnya keren membantu menghemat bbm dan yg terpenting harganya ga tinggi https://t.co/TWY2BR7rLi,Positif
@SelebtwitMobil WKWKWKWK TRUEE!!! Setelah test drive ioniq 5 gue memutuskan beli binguo aja lebih enak lebih gesit sama2 mobil listrik,Positif
@ws_parsito Belum lagi inventaris mobil listrik baru.,Netral
@gadingnstn @investorgabut Betul. Yg org kaya enak bisa punya minimal 2 mobil pake bbm dan listrik. Di dalam kota bisa pake listrik,Positif
@innovacommunity Kalau saya boleh ber-opini disini. Semoga dibaca oleh pemerintah. Semestinya proyek mobil BBG dilanjutkan daripada mobil listrik yg belum siap infrastrukturnya.,Positif
@innovacommunity Iya kerasa juga sales hyundai sulit jualan mobil listrik. Dapat report nya begitu,Positif
@Agathache1 @mcitraningrum Njisss dikira semua orng punya duit kali ya buat beli mobil?! Walaupun jadi mobil listrik tetep aja merugikan!!!! #savecongo Disini aja trotoar mereka anggap spt hiasan sj!! Bikin asal asalan ntah kemana lah dana nya itu!,Positif
@OCHN utk kasus nissan kicks (series hybrid) sama persis krn tarikan yg di roda datengnya 100% dr motor listrik,Netral
@EllatheriaOfc @AM_EllaJKT48 Mobil listrik,Netral
beli mobil listrik biar mengurangi polusi udara,Netral
Buat yg mo beli mobil jgn buru2 krn skrg trendnya udah beralih ke mobil listrik tp harga EV itu sendiri lg turun terus seiring meningkatnya pasokan di China sana malah sudah oversupply. Nanti akan ada masanya harga BYD atau bahkan Tesla cuma 100 jutaan baru deh kita beli.,Positif
@SelebtwitMobil Kan mobil listrik... Jangan mesum gitu... Nanti sama loh sama saya...,Negatif
